contract_number,solicitation_number,reference_number,title,award_date,publication_date,amendment_date,contract_start,contract_end,amendment_number,amendment_type,total_contract_value,contract_amount_raw,currency,award_status,instrument_type,notice_type,procurement_method,selection_criteria,limited_tendering_reason,trade_agreements,regions_of_delivery,unspsc,unspsc_description,gsin,gsin_description,supplier_legal_name,supplier_city,supplier_province,contracting_entity,end_user_entity,amendment_count,competitive,is_ncc,supplier_key,quality_flags,source_file
1045294,26-58015,cb-640-76184215,M-10 Partial Exterior Envelope Replacement,2026-09-08,2026-09-15,,2026-09-08,2027-03-31,000,,0.00,0.00,,Active,,Request for Proposal,Competitive - Open bidding,Lowest Price,,Canadian Free Trade Agreement (CFTA),Ottawa; Canada,72100000; 72101500; 72102801; 72120000; 72121100; 72121400; 72130000; 72140000,Building and facility maintenance and repair services; Building maintenance and repair services; Renovation of buildings or landmarks or monuments; Nonresidential building construction services; Commercial and office building construction services; Specialized public building construction services; General building construction; Heavy construction services,,,6739741 Canada Inc / Gestion DMJ Management,Chelsea,QC,National Research Council of Canada (NRC),,0,yes,no,6739741 canada gestion dmj management,total_zero;currency_blank,awardNoticeComplete-avisAttributionComplet.csv
CW2460999,WS5799436016,CW2460999,Vehicle Scanning Facility and South Drive – Asphalt Repair,2026-09-03,2026-09-04,,2026-09-03,2026-10-15,000,Original,279110.00,279110.00,CAD,Active,Contract against SA,RFP against Supply Arrangement,Competitive - Open bidding,Lowest Price,,Canadian Free Trade Agreement (CFTA),National Capital Region (NCR),72000000; 72141100,Building and Facility Construction and Maintenance Services; Infrastructure building and surfacing and paving services,,,JP Gravel Construction Inc.,Ottawa,Ontario,Department of Public Works and Government Services (PSPC),Department of Public Works and Government Services (PSPC),0,yes,no,jp gravel construction,,awardNoticeComplete-avisAttributionComplet.csv
CW2464303,WS5741166353,CW2464303,HVAC Filters Standing Offer,2026-08-19,2026-08-19,,2026-08-19,2027-08-18,000,Original,348666.84,348666.84,CAD,Active,Standing Offer,Request for Standing Offer,Competitive - Open bidding,Lowest Price,None,Canada-European Union Comprehensive Economic and Trade Agreement (CETA); World Trade Organization Agreement on Government Procurement (WTO GPA); Canada-Korea Free Trade Agreement (CKFTA); Canada-UK Trade Continuity Agreement (Canada-UK TCA); Canada-Ukraine Free Trade Agreement (CUFTA); Canada-Panama Free Trade Agreement; Canada-Honduras Free Trade Agreement; Comprehensive and Progressive Agreement for Trans-Pacific Partnership (CPTPP); Canada-Colombia Free Trade Agreement; Canadian Free Trade Agreement (CFTA); Canada-Chile Free Trade Agreement (CCFTA); None; North American Free Trade Agreement (NAFTA); Canada-Peru Free Trade Agreement (CPFTA),National Capital Region (NCR),72151200,Heating and cooling and air conditioning HVAC construction and maintenance services,,,ZENTEK LTD,Guelph,Ontario,Department of Public Works and Government Services (PSPC),Department of Public Works and Government Services (PSPC),0,yes,no,zentek,framework_not_a_price,awardNoticeComplete-avisAttributionComplet.csv
CW2463684,WS4128712580,CW2463684,BIRD Supply Arrangement General Contractor and Specialty Trades Services 001,2026-08-11,2026-08-11,,2023-09-01,2026-08-31,000,Original,0.00,0.00,CAD,Active,Contract against SA,Request for Supply Arrangement,Competitive - Open bidding,Not applicable,None,Canada-Colombia Free Trade Agreement; Comprehensive and Progressive Agreement for Trans-Pacific Partnership (CPTPP); World Trade Organization Agreement on Government Procurement (WTO GPA); Canadian Free Trade Agreement (CFTA); Canada-Korea Free Trade Agreement (CKFTA); Canada-UK Trade Continuity Agreement (Canada-UK TCA); Canada-Chile Free Trade Agreement (CCFTA); Canada-Peru Free Trade Agreement (CPFTA); Canada-European Union Comprehensive Economic and Trade Agreement (CETA); Canada-Ukraine Free Trade Agreement (CUFTA); Canada-Panama Free Trade Agreement; Canada-Honduras Free Trade Agreement,National Capital Region (NCR),30103616; 30103617; 30161700; 30171500; 30191500; 30191600; 31160000; 31162800; 46191602; 55121509; 72000000; 72120000; 72151201; 72151500; 81101513; 82151501,Composite framework; Wooden framework; Flooring; Doors; Ladders and scaffolding; Ladders and scaffolding accessories; Hardware; Miscellaneous hardware; Fire sprinkler systems; Scaffolding tag; Building and Facility Construction and Maintenance Services; Nonresidential building construction services; HVAC mechanical construction service; Electrical system services; Building construction management; Painters services,,,Bird Construction Group,Mississauga,Ontario,Department of Public Works and Government Services (PSPC),Department of Public Works and Government Services (PSPC),0,yes,no,bird construction group,total_zero;framework_not_a_price,awardNoticeComplete-avisAttributionComplet.csv
CW2457768,WS5752479847,CW2457768,LEL Interior Systems Reinstatement,2026-08-10,2026-08-10,,2026-08-10,2026-09-25,000,Original,469876.18,469876.18,CAD,Active,Contract,Request for Proposal,Competitive - Open bidding,Lowest Price,None,Canadian Free Trade Agreement (CFTA),National Capital Region (NCR),72121100,Commercial and office building construction services,,,168012 Canada Inc.,Ottawa,Quebec,Department of Public Works and Government Services (PSPC),Department of Public Works and Government Services (PSPC),0,yes,no,168012 canada,,awardNoticeComplete-avisAttributionComplet.csv
1044937,26-58043,cb-130-54760517,S77 Washroom Renovations Project,2026-07-29,2026-07-30,,2026-07-29,2026-11-30,000,,155180.00,0.00,CAD,Active,,Request for Proposal,Competitive - Open bidding,Lowest Price,,Canadian Free Trade Agreement (CFTA),National Capital Region (NCR); Canada; Ottawa,72100000; 72101500; 72102900; 72103300; 72120000; 72121100; 72121103; 72121400; 72130000,Building and facility maintenance and repair services; Building maintenance and repair services; Facility maintenance and repair services; Infrastructure maintenance and repair services; Nonresidential building construction services; Commercial and office building construction services; Commercial and office building renovation and repair service; Specialized public building construction services; General building construction,,,Serge Zimola Construction Inc.,Gloucester,ON,National Research Council of Canada (NRC),,0,yes,no,serge zimola construction,,awardNoticeComplete-avisAttributionComplet.csv
PO-022885-,NCC-039893-DC-RFQ,cb-657-60372035,Gatineau Park Water Systems – Lagoon Culvert and Headwall Repair,2026-07-23,2026-07-23,,2026-07-23,2026-10-31,000,,357550.00,0.00,CAD,Active,,Request for Proposal,Competitive - Traditional,Lowest Price,,None,Gatineau; National Capital Region (NCR),47100000; 47101500; 47101531; 60104200; 70171506; 72141121,Water and wastewater treatment supply and disposal; Water treatment and supply equipment; Septic tanks; Water testing and conservation and ecology; Ground or surface water modeling services; Water main construction service,,,CONSTRUCTION BSL INC,Saint-Augustin-de-Desmaures,Quebec,National Capital Commission (NCC),,0,yes,yes,construction bsl,,awardNoticeComplete-avisAttributionComplet.csv
PO-022989,NCC-DC-039926-RFQ,cb-670-55085356,Rideau Canal Lighting Rehabilitation Project.,2026-07-22,2026-07-23,,2026-07-22,2026-11-16,000,,760290.39,0.00,CAD,Active,,Request for Proposal,Competitive - Traditional,Lowest Price,,None,Canada; National Capital Region (NCR),30103100; 30121717,Rails; Guardrail,,,DW RESTORATION SERVICES INC,Carleton Place,Ontario,National Capital Commission (NCC),,0,yes,yes,dw restoration services,,awardNoticeComplete-avisAttributionComplet.csv
CW2453736,WS5705606463,CW2453736,Place du Portage I and II Envelope Rehabilitation,2026-07-22,2026-07-22,2026-07-23,2026-07-22,2099-12-31,001,Amendment,3325924.94,,CAD,Active,Contract,Request for Proposal,Competitive - Open bidding,Lowest Price,None,Canadian Free Trade Agreement (CFTA),National Capital Region (NCR),72152700,Concrete installation and repair services,,,Raymond Roofing & Associates Inc,Ottawa,Ontario,Department of Public Works and Government Services (PSPC),Department of Public Works and Government Services (PSPC),1,yes,no,raymond roofing associates,,awardNoticeComplete-avisAttributionComplet.csv
CW2454627,WS5715005943,CW2454627,EP916-261658 Switchgear Switchboard 2-5 Replacement,2026-07-16,2026-07-22,,2026-07-16,2027-11-18,000,Original,4254450.00,4254450.00,CAD,Active,Contract,Request for Proposal,Competitive - Open bidding,Highest Combined Rating of Technical Merit and Price,None,Canadian Free Trade Agreement (CFTA),National Capital Region (NCR),73152108,Electrical equipment maintenance and repair service,,,Modern Niagara Ottawa Inc.,Ottawa,Ontario,Department of Public Works and Government Services (PSPC),Department of Public Works and Government Services (PSPC),0,yes,no,modern niagara ottawa,,awardNoticeComplete-avisAttributionComplet.csv
5P468-26-0071,5P468-26-0071/A,cb-968-69135005,"Surface Preparation and Painting Work, First-Class Hotel - National Historic Site of Grosse-Ile-and-the-Irish-Memorial",2026-07-16,2026-09-11,,2026-07-16,2027-03-31,000,,539232.75,0.00,CAD,Active,,Request for Proposal,Competitive - Traditional,Variations or combinations of the above methods,,Canadian Free Trade Agreement (CFTA),Canada; National Capital Region (NCR),72151302; 72151303,Commercial painting service; Industrial painting service,,,9380-1645 Québec inc.,St-Augustin-de-Desmaures,Québec,Parks Canada Agency (PC),,0,yes,no,9380 1645 quebec,,awardNoticeComplete-avisAttributionComplet.csv
1043138,25-58282,cb-307-41292076,EV Charging Stations Installation Project,2026-07-16,2026-07-30,,2026-07-16,2027-03-31,000,,565000.00,0.00,CAD,Active,,Request for Proposal,Competitive - Open bidding,Lowest Price,,Canadian Free Trade Agreement (CFTA),Ottawa,72120000; 72130000; 72150000,Nonresidential building construction services; General building construction; Specialized trade construction and maintenance services,,,JWK Utilities & Site Services Ltd.,Carp,ON,National Research Council of Canada (NRC),,0,yes,no,jwk utilities site services,,awardNoticeComplete-avisAttributionComplet.csv
PO-022889,NCC-DC-039892-RFQ,cb-424-92435527,RETENDER - Replacement of the septic system at Lac-Philippe Administrative Building and garage,2026-07-09,2026-07-21,2026-08-15,2026-07-09,2026-08-15,001,,180442.04,0.00,CAD,Expired,,Request for Proposal,Competitive - Traditional,Lowest Price,,None,Gatineau; Canada,24102400; 81101527,Waste material handling and recycling systems; Wastewater engineering,,,NUGENT CONSTRUCTION INC,Pontiac,Quebec,National Capital Commission (NCC),,1,yes,yes,nugent construction,,awardNoticeComplete-avisAttributionComplet.csv
PO-022872,NCC-DC-040047-NRFP,cb-230-28393264,Construction Manager – Building Adaptation Project,2026-07-06,2026-07-23,,2026-07-06,2027-03-31,000,,1000000.00,0.00,CAD,Active,,Request for Proposal,Competitive - Traditional,Variations or combinations of the above methods,,Canada-Panama Free Trade Agreement; Canada-Honduras Free Trade Agreement; Canada-Colombia Free Trade Agreement; Comprehensive and Progressive Agreement for Trans-Pacific Partnership (CPTPP); Canada-Peru Free Trade Agreement (CPFTA); Canada-European Union Comprehensive Economic and Trade Agreement (CETA); World Trade Organization Agreement on Government Procurement (WTO GPA); Canada-Korea Free Trade Agreement (CKFTA); Canada-Ukraine Free Trade Agreement (CUFTA); Canada-Chile Free Trade Agreement (CCFTA); Canada-UK Trade Continuity Agreement (Canada-UK TCA); Canadian Free Trade Agreement (CFTA),Canada; National Capital Region (NCR),72101513; 72110000; 81101513,Offsite construction service; Residential building construction services; Building construction management,,,EllisDon Corporation,Ottawa,ON,National Capital Commission (NCC),,0,yes,yes,ellisdon,,awardNoticeComplete-avisAttributionComplet.csv
1043610,25-58290,cb-546-95651697,FRP402 - U66 Trisonic Wind Tunnel - Construction Management Services,2026-06-30,2026-07-15,,2026-07-30,2028-03-31,000,,15517380.35,0.00,CAD,Active,,Request for Proposal,Competitive - Open bidding,Highest Combined Rating of Technical Merit and Price,,Canada-UK Trade Continuity Agreement (Canada-UK TCA); Canada-Chile Free Trade Agreement (CCFTA); Canada-Honduras Free Trade Agreement; Canada-Korea Free Trade Agreement (CKFTA); Canada-Peru Free Trade Agreement (CPFTA); Canada-Colombia Free Trade Agreement; Canada-Panama Free Trade Agreement; Comprehensive and Progressive Agreement for Trans-Pacific Partnership (CPTPP); Canada-Ukraine Free Trade Agreement (CUFTA); Canadian Free Trade Agreement (CFTA); World Trade Organization Agreement on Government Procurement (WTO GPA); North American Free Trade Agreement (NAFTA); Canada-European Union Comprehensive Economic and Trade Agreement (CETA),Ottawa,72121100; 81101513,Commercial and office building construction services; Building construction management,,,JSCM CO.,Ashton,ON,National Research Council of Canada (NRC),,0,yes,no,jscm,cm_contract_total_may_include_trades,awardNoticeComplete-avisAttributionComplet.csv
PO-022628,NCC-RFP-039822,cb-367-68383488,NCC-RFP-039822- Canada Pacific Railway (CPR) Overhead Bridge Rehabilitation,2026-06-04,2026-06-04,,2026-05-18,2027-11-15,000,,3389779.20,0.00,CAD,Active,,Request for Proposal,Competitive - Traditional,Variations or combinations of the above methods,,None,National Capital Region (NCR),30121715; 30131518; 72120000; 72141000; 72141107,Bridge expansion joint; Concrete block for bridges; Nonresidential building construction services; Highway and road construction services; Bridge construction and repair service,,,CLEAR WATER STRUCTURES INC,Bowmanville,Ontario,National Capital Commission (NCC),,0,yes,yes,clear water structures,,awardNoticeComplete-avisAttributionComplet.csv
CW2449010,WS5562711774,CW2449010,SSC ATS Replacement,2026-05-15,2026-05-15,2026-09-08,2026-05-15,2027-02-05,001,Amendment,179648.44,3085.94,CAD,Active,Contract,Request for Proposal,Competitive - Open bidding,Lowest Price,None,Canadian Free Trade Agreement (CFTA),National Capital Region (NCR),72151502,Electric power system construction service,,,BLACK & MCDONALD LIMITED,Bowmanville,Ontario,Department of Public Works and Government Services (PSPC),Department of Public Works and Government Services (PSPC),1,yes,no,black mcdonald,,awardNoticeComplete-avisAttributionComplet.csv
PO-022531,NCC-DC-PST-001139-RFPQ,cb-884-15342768,REQUEST FOR PREQUALIFICATION FOR GENERAL CONTRACTOR FOR THE NATIONAL MONUMENT TO CANADA’S MISSION IN AFGHANISTAN,2026-05-14,2026-06-01,,2026-05-14,2027-10-30,000,,3456796.56,0.00,CAD,Active,,Invitation to Qualify,Competitive - Traditional,Variations or combinations of the above methods,,Canada-Ukraine Free Trade Agreement (CUFTA); Canada-Chile Free Trade Agreement (CCFTA); Canada-Peru Free Trade Agreement (CPFTA); Canada-Honduras Free Trade Agreement; Canada-Panama Free Trade Agreement; World Trade Organization Agreement on Government Procurement (WTO GPA); Comprehensive and Progressive Agreement for Trans-Pacific Partnership (CPTPP); Canada-European Union Comprehensive Economic and Trade Agreement (CETA); Canada-UK Trade Continuity Agreement (Canada-UK TCA); Canada-Korea Free Trade Agreement (CKFTA); Canadian Free Trade Agreement (CFTA); Canada-Colombia Free Trade Agreement; North American Free Trade Agreement (NAFTA),National Capital Region (NCR),72101700; 72102200; 72102801; 72102902; 72130000; 72141100; 72141115; 72151500; 72152700; 81101505,Concrete work; Electrical services; Renovation of buildings or landmarks or monuments; Landscaping services; General building construction; Infrastructure building and surfacing and paving services; Electrical cable laying service; Electrical system services; Concrete installation and repair services; Structural engineering,,,Pine Valley Corporation,Concord,Ontario,National Capital Commission (NCC),,0,yes,yes,pine valley,,awardNoticeComplete-avisAttributionComplet.csv
CW2445917,WS5612246059,CW2445917,Splash Barrier Project,2026-05-05,2026-05-05,2026-09-01,2026-05-05,2099-12-31,001,Amendment,388337.98,-1400.00,CAD,Active,Contract,Request for Proposal,Competitive - Open bidding,Highest Combined Rating of Technical Merit and Price,None,Canadian Free Trade Agreement (CFTA),National Capital Region (NCR),30103618; 72141107,Steel framework; Bridge construction and repair service,,,INJAZ CONSTRUCTION LTD.,Mississauga,Ontario,Department of Public Works and Government Services (PSPC),Department of Public Works and Government Services (PSPC),1,yes,no,injaz construction,,awardNoticeComplete-avisAttributionComplet.csv
CW2445907,WS5591661263,CW2445907,NHQ Plaza Roofs Replacement,2026-04-30,2026-04-30,2026-09-03,2025-04-30,2099-12-30,007,Amendment,8278260.25,148067.96,CAD,Active,Contract,Request for Proposal,Competitive - Selective tendering,Highest Combined Rating of Technical Merit and Price,None,None,National Capital Region (NCR),72121103,Commercial and office building renovation and repair service,,,Brawn Construction Ltd,Ottawa,Ontario,Department of Public Works and Government Services (PSPC),Department of Public Works and Government Services (PSPC),7,yes,no,brawn construction,,awardNoticeComplete-avisAttributionComplet.csv
1041326,25-58108,cb-941-1096192,M-55 Office Accommodations Project,2026-04-28,2026-07-09,,2026-02-18,2028-03-31,000,,30144903.78,0.00,CAD,Active,,Request for Proposal,Competitive - Open bidding,Highest Combined Rating of Technical Merit and Price,,Canada-Ukraine Free Trade Agreement (CUFTA); Canada-Colombia Free Trade Agreement; North American Free Trade Agreement (NAFTA); World Trade Organization Agreement on Government Procurement (WTO GPA); Canada-Honduras Free Trade Agreement; Canada-Korea Free Trade Agreement (CKFTA); Canada-Chile Free Trade Agreement (CCFTA); Canada-Panama Free Trade Agreement; Canadian Free Trade Agreement (CFTA); Canada-European Union Comprehensive Economic and Trade Agreement (CETA); Canada-Peru Free Trade Agreement (CPFTA); Canada-UK Trade Continuity Agreement (Canada-UK TCA); Comprehensive and Progressive Agreement for Trans-Pacific Partnership (CPTPP),Canada; National Capital Region (NCR),72121103,Commercial and office building renovation and repair service,,,Ledcor Construction Limited,Ottawa,ON,National Research Council of Canada (NRC),,0,yes,no,ledcor construction,,awardNoticeComplete-avisAttributionComplet.csv
1040447,25-58241,cb-704-92939269,M6 Catwalk Repairs,2026-03-06,2026-03-28,2026-05-11,2026-02-17,2026-05-11,001,,117000.00,0.00,CAD,Expired,,Request for Proposal,Competitive - Open bidding,Lowest Price,,Canadian Free Trade Agreement (CFTA),National Capital Region (NCR); Ottawa,72120000; 72130000,Nonresidential building construction services; General building construction,,,ABD Ironworld Inc.,Ottawa,Ontario,National Research Council of Canada (NRC),,1,yes,no,abd ironworld,,awardNoticeComplete-avisAttributionComplet.csv
PO-022276,NCC-DC-039024-RFP,cb-251-29582774,Portage Bridge Quebec Shoreline,2026-02-26,2026-03-13,,2026-04-01,2026-12-30,000,,1789226.39,0.00,CAD,Active,,Request for Proposal,Competitive - Open bidding,Lowest Price,,Canada-Panama Free Trade Agreement; Canada-European Union Comprehensive Economic and Trade Agreement (CETA); Comprehensive and Progressive Agreement for Trans-Pacific Partnership (CPTPP); Canada-Ukraine Free Trade Agreement (CUFTA); Canadian Free Trade Agreement (CFTA); Canada-Colombia Free Trade Agreement; Canada-UK Trade Continuity Agreement (Canada-UK TCA); Canada-Chile Free Trade Agreement (CCFTA); North American Free Trade Agreement (NAFTA); Canada-Korea Free Trade Agreement (CKFTA); Canada-Peru Free Trade Agreement (CPFTA); Canada-Honduras Free Trade Agreement; World Trade Organization Agreement on Government Procurement (WTO GPA),Gatineau,22100000; 22101900; 30190000; 72140000,Heavy construction machinery and equipment; Building construction machinery and accessories; Construction and maintenance support equipment; Heavy construction services,,,Envert & Fils (6535755 Canada Inc).,Gatineau,QC,National Capital Commission (NCC),,0,yes,yes,envert fils 6535755 canada,,awardNoticeComplete-avisAttributionComplet.csv
CW2433694,WS5490497313,CW2433694,Justice Flat Roof Delivery,2026-02-19,2026-07-31,2026-06-23,2026-02-19,2026-11-05,001,Amendment,1032693.74,48178.42,CAD,Active,Contract,Request for Proposal,Competitive - Open bidding,Lowest Price,None,Canadian Free Trade Agreement (CFTA),National Capital Region (NCR),12164900; 25174100; 30151500; 72152601,Waterproofing agents; Roof systems; Roofing materials; Roofing service,,,COUVREUR ROLLAND BOUDREAULT,GATINEAU,Québec,Department of Public Works and Government Services (PSPC),Department of Public Works and Government Services (PSPC),1,yes,no,couvreur rolland boudreault,,awardNoticeComplete-avisAttributionComplet.csv
CSE-2025-26-098,CSE-2025-26-098,cb-306-75275070,Ottawa B20 Summer Boiler Replacement,2026-02-05,2026-03-03,2026-05-15,2026-02-02,2026-05-15,001,,138850.00,0.00,CAD,Expired,,Request for Proposal,Competitive - Open bidding,Lowest Price,,Canadian Free Trade Agreement (CFTA),National Capital Region (NCR),40102000,Boilers,,,Shawn Robinson Refrigeration Ltd.,Ottawa,Ontario,Department of Agriculture and Agri-Food (AAFC),,1,yes,no,shawn robinson refrigeration,,awardNoticeComplete-avisAttributionComplet.csv
1037977,25-58165,cb-904-53506471,M-55 Ground Floor Interim Fit-up,2026-01-20,2026-01-27,2026-06-30,2026-01-20,2026-06-30,001,,596890.00,0.00,CAD,Expired,,Request for Proposal,Competitive - Open bidding,Lowest Price,,Canadian Free Trade Agreement (CFTA),Ottawa,72121100; 72121103,Commercial and office building construction services; Commercial and office building renovation and repair service,,,2449214 Ontario Inc / Premium Construction,Ottawa,ON,National Research Council of Canada (NRC),,1,yes,no,2449214 ontario premium construction,,awardNoticeComplete-avisAttributionComplet.csv
CW2426291,WS5419529428,CW2426291,EP776-260965 - Hope Chambers Elevator Repair,2026-01-15,2026-08-28,2026-08-26,2026-01-15,2026-11-12,001,Amendment,484047.46,-7119.00,CAD,Active,Contract,RFP against Supply Arrangement,Competitive - Selective tendering,Lowest Price,None,Canada-Panama Free Trade Agreement; Canada-UK Trade Continuity Agreement (Canada-UK TCA); Canada-European Union Comprehensive Economic and Trade Agreement (CETA); Canada-Colombia Free Trade Agreement; World Trade Organization Agreement on Government Procurement (WTO GPA); Canada-Korea Free Trade Agreement (CKFTA); Comprehensive and Progressive Agreement for Trans-Pacific Partnership (CPTPP); Canada-Chile Free Trade Agreement (CCFTA); Canada-Ukraine Free Trade Agreement (CUFTA); Canada-Peru Free Trade Agreement (CPFTA); Canada-Honduras Free Trade Agreement; Canadian Free Trade Agreement (CFTA),National Capital Region (NCR),72120000,Nonresidential building construction services,,,BLACK & MCDONALD LIMITED,Bowmanville,Ontario,Department of Public Works and Government Services (PSPC),Department of Public Works and Government Services (PSPC),1,yes,no,black mcdonald,,awardNoticeComplete-avisAttributionComplet.csv
CW2430806,WS5465965089,CW2430806,Universal Accessibility – Tactile Attention Indicators,2026-01-12,2026-09-15,,2026-01-12,2026-12-28,000,Original,1080067.56,1080067.56,CAD,Active,Contract,Request for Proposal,Competitive - Selective tendering,Lowest Price,None,Canada-European Union Comprehensive Economic and Trade Agreement (CETA); Canadian Free Trade Agreement (CFTA),National Capital Region (NCR),72100000,Building and facility maintenance and repair services,,,BLACK & MCDONALD LIMITED,Bowmanville,Ontario,Department of Public Works and Government Services (PSPC),Department of Public Works and Government Services (PSPC),0,yes,no,black mcdonald,,awardNoticeComplete-avisAttributionComplet.csv
CW2424907,WS5414375443,CW2424907,East Block Elevator Modernization,2026-01-09,2026-01-09,2026-09-10,2025-11-27,2027-01-21,003,Amendment,4036739.34,10914.15,CAD,Active,Contract,Request for Proposal,Competitive - Open bidding,Lowest Price,None,Canadian Free Trade Agreement (CFTA),Ottawa,72120000; 72121400,Nonresidential building construction services; Specialized public building construction services,,,Laurin & Company,Ottawa,Ontario,Department of Public Works and Government Services (PSPC),Department of Public Works and Government Services (PSPC),3,yes,no,laurin,,awardNoticeComplete-avisAttributionComplet.csv
CW2427651,WS5408705732,CW2427651,ISED - EVSE Equipment Lab,2025-12-15,2025-12-16,2026-07-28,2025-12-15,2026-07-15,007,Amendment,786606.72,2060.46,CAD,Active,Contract,Request for Proposal,Competitive - Open bidding,Highest Combined Rating of Technical Merit and Price,None,Canadian Free Trade Agreement (CFTA),National Capital Region (NCR),72121400,Specialized public building construction services,,,Terlin Construction LTD,Ottawa,Ontario,Department of Public Works and Government Services (PSPC),Department of Public Works and Government Services (PSPC),7,yes,no,terlin construction,,awardNoticeComplete-avisAttributionComplet.csv
CW2426019,WS5417808407,CW2426019,30 Metcalfe – Overhead Protection and Scaffolding Installation,2025-11-24,2025-12-15,2026-07-21,2025-11-24,2026-09-30,005,Amendment,353949.73,10070.12,CAD,Active,Contract against SA,RFP against Supply Arrangement,Competitive - Selective tendering,Lowest Price,,Canadian Free Trade Agreement (CFTA),National Capital Region (NCR),72000000; 72120000,Building and Facility Construction and Maintenance Services; Nonresidential building construction services,,,BLACK & MCDONALD LIMITED,Bowmanville,Ontario,Department of Public Works and Government Services (PSPC),Department of Public Works and Government Services (PSPC),5,yes,no,black mcdonald,,awardNoticeComplete-avisAttributionComplet.csv
1037020,25-58140,cb-112-20708856,Renovation of Stairs and Railings at Building S-77,2025-11-19,2025-11-21,2026-02-27,2025-11-19,2026-02-27,001,,69953.78,0.00,CAD,Expired,,Request for Proposal,Competitive - Open bidding,Lowest Price,,Canadian Free Trade Agreement (CFTA),Ottawa,72130000,General building construction,,,Arrow Property Service,Ottawa,Ontario,National Research Council of Canada (NRC),,1,yes,no,arrow property service,,awardNoticeComplete-avisAttributionComplet.csv
CW2412616,WS5298621868,CW2412616,Rideau Falls Remedial Excavation,2025-11-10,2026-01-05,2026-09-18,2025-11-10,2026-03-31,007,Amendment,612221.65,164995.57,CAD,Active,Contract against SA,RFP against Supply Arrangement,Competitive - Selective tendering,Lowest Price,None,Canadian Free Trade Agreement (CFTA),National Capital Region (NCR),77111600,Environmental rehabilitation,,,Green Infrastructure Partners Inc.,Markham,Ontario,Department of Public Works and Government Services (PSPC),Department of Public Works and Government Services (PSPC),7,yes,no,green infrastructure partners,,awardNoticeComplete-avisAttributionComplet.csv
1036733,25-58035,cb-143-9268819,S77 Chiller Enclosure,2025-11-10,2025-11-19,2026-04-27,2025-11-10,2026-04-27,001,,103303.47,0.00,CAD,Expired,,Request for Proposal,Competitive - Open bidding,Lowest Price,,Canadian Free Trade Agreement (CFTA),National Capital Region (NCR),30190000; 72120000; 72121100; 72121400; 72130000,Construction and maintenance support equipment; Nonresidential building construction services; Commercial and office building construction services; Specialized public building construction services; General building construction,,,"2355335 Ontario Ltd. operating as “Arrow""",Ottawa,Ontario,National Research Council of Canada (NRC),,1,yes,no,2355335 ontario operating as arrow,,awardNoticeComplete-avisAttributionComplet.csv
7282178,202502519,cb-778-96514467,"Construction: Technical Protective Operations Facility (TPOF) Code Deficiency Upgrades, Ottawa Ontario",2025-11-04,2025-11-12,2026-05-31,2025-10-20,2026-05-31,001,,2100000.00,0.00,CAD,Expired,,Request for Proposal,Competitive - Open bidding,Lowest Price,,Canadian Free Trade Agreement (CFTA),Ottawa,72121400,Specialized public building construction services,,,2449214 ONTARIO INC O/A PREMIUM CONSTRUCTION,Ottawa,ON,Royal Canadian Mounted Police (RCMP),,1,yes,no,2449214 ontario oa premium construction,,awardNoticeComplete-avisAttributionComplet.csv
CW2404844,WS5066992665,CW2404844,Electrical Power Distribution Equipment Maintenance,2025-10-24,2025-10-24,2026-08-31,2025-10-24,2026-04-10,002,Amendment,235670.37,4415.14,CAD,Active,Contract,Request for Proposal,Competitive - Open bidding,Highest Combined Rating of Technical Merit and Price,None,Canadian Free Trade Agreement (CFTA),National Capital Region (NCR),73152108,Electrical equipment maintenance and repair service,,,KROON ELECTRICAL Corp,Ottawa,Ontario,Department of Public Works and Government Services (PSPC),Department of Public Works and Government Services (PSPC),2,yes,no,kroon electrical,,awardNoticeComplete-avisAttributionComplet.csv
1034958,25-58092,cb-499-37751127,Liquid Nitrogen Filling Station Project,2025-10-15,2025-10-16,2025-12-19,2025-10-15,2025-12-19,001,,119461.34,0.00,CAD,Expired,,Request for Proposal,Competitive - Open bidding,Lowest Price,,Canadian Free Trade Agreement (CFTA),Ottawa,72130000,General building construction,,,Black & McDonald Limited,Ottawa,Ontario,National Research Council of Canada (NRC),,1,yes,no,black mcdonald,,awardNoticeComplete-avisAttributionComplet.csv
CW2414866,WS5317514932,CW2414866,Storm Drainage System Reconstruction,2025-10-09,2025-09-18,2026-08-24,2025-09-18,2026-06-30,005,Amendment,3811719.02,185897.05,CAD,Active,Contract,Request for Proposal,Competitive - Selective tendering,Lowest Price,Extreme Urgency,Canadian Free Trade Agreement (CFTA),National Capital Region (NCR),83101500,Water and sewer utilities,,,Taggart Construction Limited,Ottawa,Ontario,Department of Public Works and Government Services (PSPC),Department of Public Works and Government Services (PSPC),5,yes,no,taggart construction,,awardNoticeComplete-avisAttributionComplet.csv
1035757,25-58129,cb-352-18981424,Rm 193 H/M Lab Retrofit,2025-10-08,2025-10-24,2026-01-30,2025-10-08,2026-01-30,001,,214700.00,0.00,CAD,Expired,,Request for Proposal,Competitive - Open bidding,Lowest Price,,Canadian Free Trade Agreement (CFTA),National Capital Region (NCR); Canada,72120000; 72121100,Nonresidential building construction services; Commercial and office building construction services,,,J.P Gravel Construction Inc.,Ottawa,Ontario,National Research Council of Canada (NRC),,1,yes,no,jp gravel construction,,awardNoticeComplete-avisAttributionComplet.csv
1035452,25-58130,cb-787-74940569,Roof Replacement Project at Building U-70,2025-10-07,2025-10-07,2025-12-05,2025-10-07,2025-12-05,001,,257933.80,0.00,CAD,Expired,,Request for Proposal,Competitive - Open bidding,Lowest Price,,Canadian Free Trade Agreement (CFTA),Ottawa,72101601; 72121100,Roofing installation or repair; Commercial and office building construction services,,,Morin Insulation & Roofing Ltd.,Ottawa,Ontario,National Research Council of Canada (NRC),,1,yes,no,morin insulation roofing,,awardNoticeComplete-avisAttributionComplet.csv
1035655,25-58119,cb-932-76369447,M35 Section 4 - 7 Roof Replacement,2025-10-06,2025-10-06,2026-01-13,2025-09-23,2026-01-13,001,,418090.96,0.00,CAD,Expired,,Request for Proposal,Competitive - Open bidding,Lowest Price,,Canadian Free Trade Agreement (CFTA),National Capital Region (NCR); Ottawa,72101601; 72130000; 72152601,Roofing installation or repair; General building construction; Roofing service,,,Flynn Canada Ltd.,Gloucester,Ontario,National Research Council of Canada (NRC),,1,yes,no,flynn canada,,awardNoticeComplete-avisAttributionComplet.csv
PO-021710,NCC-DC- 37901-RFP,cb-524-29395211,NCC-DC- 37901-RFP-Colonel By Drive Retaining Wall Phase 2,2025-10-03,2025-10-09,,2025-09-15,2026-11-01,000,,2096150.00,0.00,CAD,Active,,Request for Proposal,Competitive - Traditional,Lowest Price,,Canadian Free Trade Agreement (CFTA),National Capital Region (NCR); Canada,72120000; 72130000; 72140000; 72150000; 72151400,Nonresidential building construction services; General building construction; Heavy construction services; Specialized trade construction and maintenance services; Wall covering construction services,,,Goldie Mohr LTD,Nepean,ON,National Capital Commission (NCC),,0,yes,yes,goldie mohr,,awardNoticeComplete-avisAttributionComplet.csv
CW2414855,WS5310704914,CW2414855,"C.D. HOWE - OAG LEVEL 9, 10 AND PART 11 FIT-UP",2025-10-02,2025-12-19,2026-07-23,2025-12-19,2026-09-30,002,Amendment,6954734.40,86400.01,CAD,Active,Contract,Request for Proposal,Competitive - Open bidding,Lowest Price,None,Canadian Free Trade Agreement (CFTA),National Capital Region (NCR),72121100,Commercial and office building construction services,,,Brawn Construction Ltd,Ottawa,Ontario,Department of Public Works and Government Services (PSPC),Department of Public Works and Government Services (PSPC),2,yes,no,brawn construction,,awardNoticeComplete-avisAttributionComplet.csv
1035147,25-58111,cb-756-36422653,M-58 Section 03 Roof Replacement,2025-09-19,2025-09-19,2025-11-27,2025-09-18,2025-11-27,001,,108028.00,0.00,CAD,Expired,,Request for Proposal,Competitive - Open bidding,Lowest Price,,North American Free Trade Agreement (NAFTA),National Capital Region (NCR); Ottawa,72121100; 72130000,Commercial and office building construction services; General building construction,,,2413-2276 Quebec Inc.,Gatineau,Quebec,National Research Council of Canada (NRC),,1,yes,no,2413 2276 quebec,,awardNoticeComplete-avisAttributionComplet.csv
CW2411335,WS5282161446,CW2411335,RCR ELECTROMECHANICAL UPGRADE,2025-09-16,2026-01-20,2026-08-17,2025-09-16,2026-04-30,003,Amendment,312953.94,-22600.01,CAD,Active,Contract against SA,Request for Proposal,Competitive - Selective tendering,Lowest Price,,Canadian Free Trade Agreement (CFTA),National Capital Region (NCR),72000000; 72120000,Building and Facility Construction and Maintenance Services; Nonresidential building construction services,,,BLACK & MCDONALD LIMITED,Bowmanville,Ontario,Department of Public Works and Government Services (PSPC),Department of Public Works and Government Services (PSPC),3,yes,no,black mcdonald,,awardNoticeComplete-avisAttributionComplet.csv
3000804541,NRCan-5000089924,cb-923-7250340,Locksmith Service in The National Capital Region (NCR),2025-09-05,2025-09-05,2026-03-31,2025-08-22,2026-03-31,001,,47968.50,0.00,CAD,Expired,,Request for Proposal,Competitive - Open bidding,Lowest Price,,Canadian Free Trade Agreement (CFTA),National Capital Region (NCR),72100000; 72101505,Building and facility maintenance and repair services; Locksmith services,,,Canadian Lock and Supply Ltd.,Ottawa,Ontario,Department of Natural Resources (NRCan),,1,yes,no,canadian lock supply,,awardNoticeComplete-avisAttributionComplet.csv
PO-021589,NCC-CP-37015-RFP,cb-190-61343957,"Victoria Island Remediation Phase 3a, part 2",2025-09-02,2025-09-03,2025-12-15,2025-08-01,2025-12-15,001,,1399300.00,0.00,CAD,Expired,,Request for Proposal,Competitive - Open bidding,Highest Combined Rating of Technical Merit and Price,,None,Canada; National Capital Region (NCR),11110000; 22100000; 22101500; 72141505,Earth and stone; Heavy construction machinery and equipment; Earth moving machinery; Earthmoving service,,,Decontie Milestone Inc.,Maniwaki,QC,National Capital Commission (NCC),,1,yes,yes,decontie milestone,,awardNoticeComplete-avisAttributionComplet.csv
1031793,25-58013,cb-482-5596966,Replacement of the high voltage switchgear and transformer,2025-08-25,2025-08-28,,2025-08-25,2026-09-30,000,,656638.51,0.00,CAD,Active,,Request for Proposal,Competitive - Open bidding,Variations or combinations of the above methods,,Canadian Free Trade Agreement (CFTA),Ottawa,72102200; 72150000; 72151502,Electrical services; Specialized trade construction and maintenance services; Electric power system construction service,,,SEGUIN MORRIS INC,Gatineau,Quebec,National Research Council of Canada (NRC),,0,yes,no,seguin morris,,awardNoticeComplete-avisAttributionComplet.csv
CW2363740,WS4617105691,CW2363740,Construction Management Services - Chaudière Crossing - Southern Structures Renewal,2025-08-12,2025-08-13,2026-09-01,2025-08-12,2028-10-12,005,Amendment,26976728.78,1958797.15,CAD,Active,Contract,Request for Proposal,Competitive - Open bidding,Highest Combined Rating of Technical Merit and Price,None,Canada-Peru Free Trade Agreement (CPFTA); Canada-Ukraine Free Trade Agreement (CUFTA); World Trade Organization Agreement on Government Procurement (WTO GPA); Canada-Panama Free Trade Agreement; Canada-Honduras Free Trade Agreement; Canada-UK Trade Continuity Agreement (Canada-UK TCA); Comprehensive and Progressive Agreement for Trans-Pacific Partnership (CPTPP); Canadian Free Trade Agreement (CFTA); Canada-European Union Comprehensive Economic and Trade Agreement (CETA); Canada-Colombia Free Trade Agreement; Canada-Chile Free Trade Agreement (CCFTA); Canada-Korea Free Trade Agreement (CKFTA),National Capital Region (NCR),72141107,Bridge construction and repair service,,,Pomerleau Inc.,Ottawa,Ontario,Department of Public Works and Government Services (PSPC),Department of Public Works and Government Services (PSPC),5,yes,no,pomerleau,cm_contract_total_may_include_trades,awardNoticeComplete-avisAttributionComplet.csv
1033366,25-58065,cb-303-92996056,Uplands Campus Pedestrian Pathway Phase 2,2025-08-06,2025-08-13,2026-01-27,2025-07-22,2026-01-27,001,,962347.55,0.00,CAD,Expired,,Request for Proposal,Competitive - Open bidding,Lowest Price,,Canadian Free Trade Agreement (CFTA),Ottawa,72141000; 72141105,Highway and road construction services; Sidewalk construction and repair service,,,Prestige Design and Construction (Ottawa) Ltd.,Ottawa,Ontario,National Research Council of Canada (NRC),,1,yes,no,prestige design construction ottawa,,awardNoticeComplete-avisAttributionComplet.csv
4500484233,1000261065,cb-414-85171359,Parking Lot Asphalt Pavement,2025-07-28,2025-08-08,2025-11-30,2025-06-30,2025-11-30,001,,173484.00,0.00,CAD,Expired,,Request for Proposal,Competitive - Open bidding,Lowest Price,,Canadian Free Trade Agreement (CFTA),National Capital Region (NCR),30121600; 30121601; 72151306; 72153700; 72153702; 81101500,Asphalts; Asphalt; Pavement marking service; Parking facility construction and equipment installation and maintenance and repair services; Parking lot maintenance; Civil engineering,,,R.W. Tomlinson Ltd.,Ottawa,Ontario,Department of Health (HC),,1,yes,no,rw tomlinson,,awardNoticeComplete-avisAttributionComplet.csv
1031426,24-58355,cb-775-61128513,Renovation of Rooms 252A and 230 of Building U-66,2025-07-14,2025-07-17,2025-10-31,2025-07-14,2025-10-31,001,,180687.00,0.00,CAD,Expired,,Request for Proposal,Competitive - Open bidding,Variations or combinations of the above methods,,Canadian Free Trade Agreement (CFTA),Ottawa,72121100; 72130000,Commercial and office building construction services; General building construction,,,Laplante Builders Ltd.,Navan,Ontario,National Research Council of Canada (NRC),,1,yes,no,laplante builders,,awardNoticeComplete-avisAttributionComplet.csv
CW2406141,WS5198883179,CW2406141,Horizontal Dishwasher Ductwork,2025-07-09,2026-01-14,2026-05-21,2025-07-07,2026-09-14,003,Amendment,54817.23,0.00,CAD,Expired,Contract,Request for Proposal,Competitive - Selective tendering,Lowest Price,None,Canadian Free Trade Agreement (CFTA),National Capital Region (NCR),72151100,Plumbing construction services,,,Alliance Engineering & Construction,Ottawa,Ontario,Department of Public Works and Government Services (PSPC),Department of Public Works and Government Services (PSPC),3,yes,no,alliance engineering construction,,awardNoticeComplete-avisAttributionComplet.csv
1031656,25-58023,cb-227-26929010,Renovation of Washrooms at Building U-70,2025-07-03,2025-07-07,2025-10-01,2025-06-16,2025-10-01,001,,134422.00,0.00,CAD,Expired,,Request for Proposal,Competitive - Open bidding,Lowest Price,,Canadian Free Trade Agreement (CFTA),Ottawa,72121100; 72130000,Commercial and office building construction services; General building construction,,,Defran Inc.,Gatineau,Quebec,National Research Council of Canada (NRC),,1,yes,no,defran,,awardNoticeComplete-avisAttributionComplet.csv
PO-021329,NCC-RFP-DC-2025-26-021,cb-53-87340046,Carbide Willson Ruins Structural Stabilization and Site Development,2025-07-02,2025-07-08,2025-09-02,2025-07-02,2025-09-02,001,,611847.69,0.00,CAD,Expired,,Request for Proposal,Competitive - Traditional,Lowest Price,,Canadian Free Trade Agreement (CFTA),National Capital Region (NCR); Canada,22102000; 56101900; 56121900; 72101700; 72102902; 72103000; 72103003; 72130000; 72141510; 72152700; 72153900,Building demolition machinery and equipment; General furniture parts and accessories; Demonstration furnishings; Concrete work; Landscaping services; Site preparation services; Demolition services; General building construction; Demolition services; Concrete installation and repair services; Building site preparation services,,,Groupe de Construction Depiedmont Inc.,Mirabel,Quebec,National Capital Commission (NCC),,1,yes,yes,groupe de construction depiedmont,,awardNoticeComplete-avisAttributionComplet.csv
CW2403459,WS5178565296,CW2403459,OPMPC Elevator,2025-06-30,2026-06-03,2026-08-06,2025-06-30,2099-09-09,002,Amendment,2444346.71,5302.21,CAD,Active,Contract against SA,RFP against Supply Arrangement,Competitive - Selective tendering,Lowest Price,None,Canadian Free Trade Agreement (CFTA),National Capital Region (NCR),72000000; 81101513,Building and Facility Construction and Maintenance Services; Building construction management,,,C&L Construction Ottawa Limited,Ottawa,Ontario,Department of Public Works and Government Services (PSPC),Department of Public Works and Government Services (PSPC),2,yes,no,cl construction ottawa,,awardNoticeComplete-avisAttributionComplet.csv
1030842,25-58002,cb-588-22108594,Re-roofing at Building S-77,2025-06-05,2025-06-05,2025-08-01,2025-06-05,2025-08-01,001,,338708.46,0.00,CAD,Expired,,Request for Proposal,Competitive - Open bidding,Variations or combinations of the above methods,,Canadian Free Trade Agreement (CFTA),Ottawa,72130000; 72152601,General building construction; Roofing service,,,Flynn Canada Ltd.,Gloucester,Ontario,National Research Council of Canada (NRC),,1,yes,no,flynn canada,,awardNoticeComplete-avisAttributionComplet.csv
4500482682,1000259274,cb-150-77703928,Reverse Ossmosis and Water Softener Systems Maintenance,2025-06-01,2025-06-03,2026-03-31,2024-11-01,2026-03-31,001,,200910.70,0.00,CAD,Expired,,Request for Proposal,Competitive - Open bidding,Lowest Price,,Canadian Free Trade Agreement (CFTA),National Capital Region (NCR),47101514; 47101519; 83101506,Water purification equipment; Water softening accessories; Water treatment services,,,1605954 Ontario Inc,Kingston,Ontario,Department of Health (HC),,1,yes,no,1605954 ontario,,awardNoticeComplete-avisAttributionComplet.csv
PO-021039,NCC-RFP-DC-2025-26-014,cb-117-62147801,"Trail 70 Pedestrian Bridge Replacement ,Gatineau Park",2025-05-13,2025-05-23,2025-12-31,2025-07-15,2025-12-31,001,,162676.50,0.00,CAD,Expired,,Request for Proposal,Competitive - Traditional,Lowest Price,,Canada-Korea Free Trade Agreement (CKFTA); North American Free Trade Agreement (NAFTA); Canada-Honduras Free Trade Agreement; Canadian Free Trade Agreement (CFTA); Canada-Chile Free Trade Agreement (CCFTA); Canada-Colombia Free Trade Agreement; Canada-UK Trade Continuity Agreement (Canada-UK TCA); Canada-Ukraine Free Trade Agreement (CUFTA); World Trade Organization Agreement on Government Procurement (WTO GPA); Canada-European Union Comprehensive Economic and Trade Agreement (CETA); Canada-Panama Free Trade Agreement; Comprehensive and Progressive Agreement for Trans-Pacific Partnership (CPTPP); Canada-Peru Free Trade Agreement (CPFTA),National Capital Region (NCR); Canada,30121703; 30121715; 30121716; 30131518; 72141107; 72151305,Bridge rail; Bridge expansion joint; Bridge seat mounting; Concrete block for bridges; Bridge construction and repair service; Bridge painting service,,,Moderne Vision Inc,GATINEAU,Quebec,National Capital Commission (NCC),,1,yes,yes,moderne vision,,awardNoticeComplete-avisAttributionComplet.csv
1030124,24-58354,cb-637-50358303,M19 Corridor 102,2025-05-05,2025-05-07,2025-07-31,2025-04-15,2025-07-31,001,,117808.15,0.00,CAD,Expired,,Request for Proposal,Competitive - Open bidding,Lowest Price,,Canadian Free Trade Agreement (CFTA),Ottawa,72121100; 72130000,Commercial and office building construction services; General building construction,,,6739741 Canada Inc. / DMJ Management,Chelsea,Quebec,National Research Council of Canada (NRC),,1,yes,no,6739741 canada dmj management,,awardNoticeComplete-avisAttributionComplet.csv
1029695,24-58341,cb-819-71717841,M55 Panels and Breakers Replacement,2025-04-24,2025-05-07,2026-03-30,2025-03-18,2026-03-30,001,,130498.90,0.00,CAD,Expired,,Request for Proposal,Competitive - Open bidding,Lowest Price,,Canadian Free Trade Agreement (CFTA),Ottawa,72102200; 72130000,Electrical services; General building construction,,,2355335 Ontario Ltd. o/a Arrow,Ottawa,Ontario,National Research Council of Canada (NRC),,1,yes,no,2355335 ontario oa arrow,,awardNoticeComplete-avisAttributionComplet.csv
1028996,24-58338,cb-52-65867963,Fan Coil Replacement,2025-04-10,2025-04-10,2025-10-01,2025-04-15,2025-10-01,001,,440700.00,0.00,CAD,Expired,,Request for Proposal,Competitive - Open bidding,Lowest Price,,Canadian Free Trade Agreement (CFTA),Ottawa,72130000; 72151200,General building construction; Heating and cooling and air conditioning HVAC construction and maintenance services,,,T.P. Crawford Limited,Gloucester,Ontario,National Research Council Canada,,1,yes,no,tp crawford,,awardNoticeComplete-avisAttributionComplet.csv
1028644,24-58337,cb-707-76347017,Washrooms Renovation of Building U-66,2025-04-10,2025-04-10,2025-06-30,2025-04-10,2025-06-30,001,,256508.87,0.00,CAD,Expired,,Request for Proposal,Competitive - Open bidding,Lowest Price,,Canadian Free Trade Agreement (CFTA),Ottawa,72121100,Commercial and office building construction services,,,Govan Brown & Associates Limited,Ottawa,Ontario,National Research Council Canada,,1,yes,no,govan brown associates,,awardNoticeComplete-avisAttributionComplet.csv
1028627,24-58325,cb-535-17421845,Replacement of the domestic hot water heating system,2025-04-08,2025-04-08,2025-07-15,2025-04-08,2025-07-15,001,,189840.00,0.00,CAD,Expired,,Request for Proposal,Competitive - Open bidding,Lowest Price,,Canadian Free Trade Agreement (CFTA),Ottawa,40101826; 72151100,Commercial water heaters; Plumbing construction services,,,Shawn Robinson Refrigeration Ltd.,Stittsville,Ontario,National Research Council Canada,,1,yes,no,shawn robinson refrigeration,,awardNoticeComplete-avisAttributionComplet.csv
CW2375560,WS4652817915,CW2375560,Cliff Park and Escarpment Stabilization,2025-03-06,2025-03-07,2026-09-04,2025-03-06,2099-12-31,014,Amendment,6679908.29,19082.67,CAD,Active,Contract,Request for Proposal,Competitive - Open bidding,Highest Combined Rating of Technical Merit and Price,None,Canadian Free Trade Agreement (CFTA); World Trade Organization Agreement on Government Procurement (WTO GPA); Canada-Ukraine Free Trade Agreement (CUFTA); Canada-European Union Comprehensive Economic and Trade Agreement (CETA); Canada-UK Trade Continuity Agreement (Canada-UK TCA); Comprehensive and Progressive Agreement for Trans-Pacific Partnership (CPTPP),National Capital Region (NCR),72141500,Land preparation services,,,Thomas Fuller Construction Co Limited,Ottawa,Ontario,Department of Public Works and Government Services (PSPC),Department of Public Works and Government Services (PSPC),14,yes,no,thomas fuller construction,,awardNoticeComplete-avisAttributionComplet.csv
1027767,24-58307,cb-175-10512086,Asbestos Floor Abatement at Building M55,2025-03-03,2025-03-03,2025-03-31,2025-03-03,2025-03-31,001,,60366.86,0.00,CAD,Expired,,Request for Proposal,Competitive - Open bidding,Lowest Price,,Canadian Free Trade Agreement (CFTA),Ottawa,72121100; 76101602,Commercial and office building construction services; Asbestos removal or encapsulation,,,DEFRAN INC.,GATINEAU,Quebec,National Research Council Canada,,1,yes,no,defran,,awardNoticeComplete-avisAttributionComplet.csv
1027138,24-58265,cb-211-69026244,"Interior renovation of part of the first floor, laboratory room 110",2025-02-11,2025-02-11,2025-03-31,2025-02-11,2025-03-31,001,,127222.00,0.00,CAD,Expired,,Request for Proposal,Competitive - Open bidding,Variations or combinations of the above methods,,Canadian Free Trade Agreement (CFTA),Ottawa,72121103; 72130000,Commercial and office building renovation and repair service; General building construction,,,Defran Inc,Gatineau,Quebec,National Research Council Canada,,1,yes,no,defran,,awardNoticeComplete-avisAttributionComplet.csv
1026250,24-58266,cb-289-30848374,Interior Lighting Retrofit at Building M-59,2025-01-20,2025-01-20,2025-03-31,2025-01-20,2025-03-31,001,,110358.95,0.00,CAD,Expired,,Request for Proposal,Competitive - Open bidding,Lowest Price,,Canadian Free Trade Agreement (CFTA),Ottawa,72150000; 72151501,Specialized trade construction and maintenance services; Lighting installation services,,,WESCO DISTRIBUTION CANADA,Mississauga,Ontario,National Research Council Canada,,1,yes,no,wesco distribution canada,,awardNoticeComplete-avisAttributionComplet.csv
4500476898,1000262537,cb-386-10274964,Security System Upgrades - Mulligan Building,2025-01-02,2025-02-13,2025-03-31,2025-01-01,2025-03-31,001,,106208.14,0.00,CAD,Expired,,Request for Proposal,Competitive - Open bidding,Lowest Price,,Canadian Free Trade Agreement (CFTA),Canada; National Capital Region (NCR),24141500; 31152000; 43233200; 46151600; 46171500; 46171619; 72151700; 92121700,Securing and protecting supplies; Security wire; Security and protection software; Security and control equipment; Locks and security hardware and accessories; Security or access control systems; Safety and security system installation services; Security systems services,,,BridgeCast Inc.,Ottawa,ON,Health Canada (HC),,1,yes,no,bridgecast,,awardNoticeComplete-avisAttributionComplet.csv
CW2386465,WS4947022955,CW2386465,Northstar-Supply Arrangement General Contractor and Specialty Trades Services 011,2024-12-23,2026-02-11,,2024-12-23,2026-08-31,000,,0.00,0.00,CAD,Expired,Supply Arrangement,Request for Supply Arrangement,Competitive - Open bidding,Not applicable,None,Canada-Korea Free Trade Agreement (CKFTA); Canada-Peru Free Trade Agreement (CPFTA); Comprehensive and Progressive Agreement for Trans-Pacific Partnership (CPTPP); Canadian Free Trade Agreement (CFTA); Canada-Chile Free Trade Agreement (CCFTA); World Trade Organization Agreement on Government Procurement (WTO GPA); Canada-UK Trade Continuity Agreement (Canada-UK TCA); Canada-Honduras Free Trade Agreement; Canada-Panama Free Trade Agreement; Canada-Colombia Free Trade Agreement; Canada-European Union Comprehensive Economic and Trade Agreement (CETA); Canada-Ukraine Free Trade Agreement (CUFTA),National Capital Region (NCR),72000000; 72120000,Building and Facility Construction and Maintenance Services; Nonresidential building construction services,,,Northstar Access,North York,Ontario,Department of Public Works and Government Services (PSPC),Department of Public Works and Government Services (PSPC),0,yes,no,northstar access,total_zero;framework_not_a_price,awardNoticeComplete-avisAttributionComplet.csv
PO-020321,AL1846,cb-726-52502649,CONSTRUCTION MANAGEMENT SERVICES,2024-12-17,2024-12-17,,2024-12-17,2027-03-31,000,,4795373.76,0.00,CAD,Active,,Request for Proposal,Competitive - Open bidding,Highest Combined Rating of Technical Merit and Price,,Canada-Ukraine Free Trade Agreement (CUFTA); Canada-Colombia Free Trade Agreement; Canada-Honduras Free Trade Agreement; World Trade Organization Agreement on Government Procurement (WTO GPA); Canada-Peru Free Trade Agreement (CPFTA); Canada-European Union Comprehensive Economic and Trade Agreement (CETA); Canada-Korea Free Trade Agreement (CKFTA); Canada-Chile Free Trade Agreement (CCFTA); Canadian Free Trade Agreement (CFTA); Canada-UK Trade Continuity Agreement (Canada-UK TCA); Comprehensive and Progressive Agreement for Trans-Pacific Partnership (CPTPP); Canada-Panama Free Trade Agreement,National Capital Region (NCR),81101513,Building construction management,,,Bird Construction Group,Ottawa,Ontario,National Capital Commission (NCC),,0,yes,yes,bird construction group,cm_contract_total_may_include_trades,awardNoticeComplete-avisAttributionComplet.csv
1025716,24-58048-C,cb-773-19843194,M50 Elevator No. 1 and Elevator No. 4,2024-12-16,2025-05-07,2026-03-28,2024-12-03,2026-03-28,001,,450423.65,0.00,CAD,Expired,,Request for Proposal,Competitive - Open bidding,,,Canadian Free Trade Agreement (CFTA),Ottawa,24101601; 72101506,Elevators; Elevator maintenance services,,,TK Elevator (Canada) Limited,Ottawa,Ontario,National Research Council of Canada (NRC),,1,yes,no,tk elevator canada,,awardNoticeComplete-avisAttributionComplet.csv
1025147,24-58207,cb-952-68707748,Renovation of Rooms,2024-12-12,2024-12-12,2025-03-06,2024-12-12,2025-03-06,001,,265154.50,0.00,CAD,Expired,,Request for Proposal,Competitive - Open bidding,Variations or combinations of the above methods,,Canadian Free Trade Agreement (CFTA),Ottawa,72121103,Commercial and office building renovation and repair service,,,6739741 CANADA INC - DMJ MANAGEMENT INC,CHELSEA,Quebec,National Research Council Canada,,1,yes,no,6739741 canada dmj management,,awardNoticeComplete-avisAttributionComplet.csv
4500476176,1000259341,cb-533-39080869,Chemical Water Treatment,2024-12-09,2025-02-12,2026-03-31,2024-12-09,2026-03-31,001,,16205.70,0.00,CAD,Expired,,Request for Proposal,Competitive - Open bidding,Lowest Price,,Canadian Free Trade Agreement (CFTA),National Capital Region (NCR); Canada,83101506,Water treatment services,,,"NCH Canada Inc, Div. Chem-Aqua",Brampton,Ontario,Health Canada,,1,yes,no,nch canada div chem aqua,,awardNoticeComplete-avisAttributionComplet.csv
1024067,24-58185,cb-154-77440020,Replacement Motor Control Center (MCC) and Panels,2024-12-05,2024-12-05,2025-08-29,2024-12-05,2025-08-29,001,,533258.07,0.00,CAD,Expired,,Request for Proposal,Competitive - Open bidding,Lowest Price,,Canadian Free Trade Agreement (CFTA),Ottawa,72102200,Electrical services,,,Seguin Morris,Gatineau,Quebec,National Research Council Canada,,1,yes,no,seguin morris,,awardNoticeComplete-avisAttributionComplet.csv
1023348,24-58120,cb-404-50634229,S77 Sussex Washroom Refurbishment,2024-10-10,2025-05-07,2025-05-07,2024-09-03,2025-03-29,001,,399455.00,0.00,CAD,Expired,,Request for Proposal,Competitive - Open bidding,Highest Combined Rating of Technical Merit and Price,,Canadian Free Trade Agreement (CFTA),Ottawa,72141001; 72141105,Highway and road new construction service; Sidewalk construction and repair service,,,Govan Brown & Associates Limited,Toronto,Ontario,National Research Council of Canada (NRC),,1,yes,no,govan brown associates,,awardNoticeComplete-avisAttributionComplet.csv
CW2372057,WS4746601757,CW2372057,Site Services Reconstruction (SLT Sector),2024-10-09,2024-10-25,2026-08-20,2024-10-09,2099-12-31,005,Amendment,6216801.27,101008.51,CAD,Active,Contract,Request for Proposal,Competitive - Open bidding,Lowest Price,None,Canadian Free Trade Agreement (CFTA),National Capital Region (NCR),72140000; 72141500; 81101513,Heavy construction services; Land preparation services; Building construction management,,,R.W. Tomlinson Ltd.,Ottawa,Ontario,Department of Public Works and Government Services (PSPC),Department of Public Works and Government Services (PSPC),5,yes,no,rw tomlinson,,awardNoticeComplete-avisAttributionComplet.csv
CW2369089,WS4480433901,CW2369089,M38 Acoustic Facilities and Office Fit-Up,2024-10-09,2024-11-19,2026-08-19,2024-10-09,2026-12-06,004,Amendment,21584445.94,800083.41,CAD,Active,Contract,Request for Proposal,Competitive - Open bidding,Highest Combined Rating of Technical Merit and Price,None,Canada-Korea Free Trade Agreement (CKFTA); North American Free Trade Agreement (NAFTA); Canada-Honduras Free Trade Agreement; Canada-European Union Comprehensive Economic and Trade Agreement (CETA); Canada-Peru Free Trade Agreement (CPFTA); Canada-Chile Free Trade Agreement (CCFTA); World Trade Organization Agreement on Government Procurement (WTO GPA); Canada-UK Trade Continuity Agreement (Canada-UK TCA); Canada-Panama Free Trade Agreement; Canada-Ukraine Free Trade Agreement (CUFTA); Canadian Free Trade Agreement (CFTA); Canada-Colombia Free Trade Agreement; Comprehensive and Progressive Agreement for Trans-Pacific Partnership (CPTPP),National Capital Region (NCR),72121200,Agricultural building construction services,,,1872087 Ontario Inc,Ashton,Ontario,Department of Public Works and Government Services (PSPC),National Research Council of Canada (NRC),4,yes,no,1872087 ontario,,awardNoticeComplete-avisAttributionComplet.csv
1021973,24-58061,cb-467-53398564,M50 Chiller,2024-08-30,2024-09-05,2024-11-08,2024-08-30,2024-11-08,001,,108260.83,0.00,CAD,Expired,,Request for Proposal,Competitive - Open bidding,Lowest Price,,None,Ottawa,40101700; 41103000,Cooling equipment and parts and accessories; Laboratory cooling equipment,,,Taillefer Plumbing & Heating Inc.,Ottawa,Ontario,National Research Council Canada,,1,yes,no,taillefer plumbing heating,,awardNoticeComplete-avisAttributionComplet.csv
CW2372519,WS4128712580,CW2372519,McGowan-Supply Arrangement General Contractor and Specialty Trades Services 009,2024-08-26,2026-02-11,2026-08-31,2024-08-26,2027-08-31,002,Amendment,0.00,0.00,CAD,Active,Supply Arrangement,Request for Supply Arrangement,Competitive - Open bidding,Not applicable,,Canada-Panama Free Trade Agreement; Canada-European Union Comprehensive Economic and Trade Agreement (CETA); Canadian Free Trade Agreement (CFTA); Canada-Honduras Free Trade Agreement; Canada-Colombia Free Trade Agreement; World Trade Organization Agreement on Government Procurement (WTO GPA); Canada-Korea Free Trade Agreement (CKFTA); Comprehensive and Progressive Agreement for Trans-Pacific Partnership (CPTPP); Canada-Chile Free Trade Agreement (CCFTA); Canada-UK Trade Continuity Agreement (Canada-UK TCA); Canada-Peru Free Trade Agreement (CPFTA); Canada-Ukraine Free Trade Agreement (CUFTA),National Capital Region (NCR),30103616; 30103617; 30161700; 30171500; 30191500; 30191600; 31160000; 31162800; 46191602; 55121509; 72000000; 72120000; 72151201; 72151500; 81101513; 82151501,Composite framework; Wooden framework; Flooring; Doors; Ladders and scaffolding; Ladders and scaffolding accessories; Hardware; Miscellaneous hardware; Fire sprinkler systems; Scaffolding tag; Building and Facility Construction and Maintenance Services; Nonresidential building construction services; HVAC mechanical construction service; Electrical system services; Building construction management; Painters services,,,5026747 Ontario Inc.,Ottawa,Ontario,Department of Public Works and Government Services (PSPC),Department of Public Works and Government Services (PSPC),2,yes,no,5026747 ontario,total_zero;framework_not_a_price,awardNoticeComplete-avisAttributionComplet.csv
4500472617,1000256095,cb-787-85976813,Fume hood-BSC Certification,2024-08-21,2024-08-22,,2024-08-01,2029-07-31,000,,232791.00,0.00,CAD,Active,,Request for Proposal,Competitive - Open bidding,Lowest Price,,Canadian Free Trade Agreement (CFTA),National Capital Region (NCR),72100000; 72101500; 72101507,Building and facility maintenance and repair services; Building maintenance and repair services; Building maintenance service,,,Con-Test Division of Contamination Containment Technology Inc,Ajax,Ontario,Health Canada,,0,yes,no,con test division of contamination containment technology,,awardNoticeComplete-avisAttributionComplet.csv
1021530,24-58036/A,cb-938-98363948,Construction of Trisonic Wind Tunnel Cooling Tower Replacement,2024-08-20,2024-08-30,2025-01-20,2024-08-20,2025-01-20,001,,2341000.00,0.00,CAD,Expired,,Request for Proposal,Competitive - Open bidding,Highest Combined Rating of Technical Merit and Price,,Canadian Free Trade Agreement (CFTA),Canada; National Capital Region (NCR),22100000; 72100000; 72120000; 72121100; 72130000; 72150000,Heavy construction machinery and equipment; Building and facility maintenance and repair services; Nonresidential building construction services; Commercial and office building construction services; General building construction; Specialized trade construction and maintenance services,,,Black & McDonald Limited,Ottawa,ON,National Research Council of Canada,,1,yes,no,black mcdonald,,awardNoticeComplete-avisAttributionComplet.csv
CW2371336,WS4128712580,CW2371336,Modern Niagra -Supply Arrangement General Contractor and Specialty Trades Services 008,2024-08-13,2026-02-11,2026-08-31,2024-08-13,2027-08-31,002,Amendment,0.00,0.00,CAD,Active,Supply Arrangement,Request for Supply Arrangement,Competitive - Open bidding,Not applicable,,Canada-Korea Free Trade Agreement (CKFTA); Canada-Panama Free Trade Agreement; World Trade Organization Agreement on Government Procurement (WTO GPA); Canadian Free Trade Agreement (CFTA); Canada-Ukraine Free Trade Agreement (CUFTA); Canada-UK Trade Continuity Agreement (Canada-UK TCA); Canada-Peru Free Trade Agreement (CPFTA); Canada-Colombia Free Trade Agreement; Canada-Chile Free Trade Agreement (CCFTA); Canada-European Union Comprehensive Economic and Trade Agreement (CETA); Canada-Honduras Free Trade Agreement; Comprehensive and Progressive Agreement for Trans-Pacific Partnership (CPTPP),National Capital Region (NCR),30103616; 30103617; 30161700; 30171500; 30191500; 30191600; 31160000; 31162800; 46191602; 55121509; 72000000; 72120000; 72151201; 72151500; 81101513; 82151501,Composite framework; Wooden framework; Flooring; Doors; Ladders and scaffolding; Ladders and scaffolding accessories; Hardware; Miscellaneous hardware; Fire sprinkler systems; Scaffolding tag; Building and Facility Construction and Maintenance Services; Nonresidential building construction services; HVAC mechanical construction service; Electrical system services; Building construction management; Painters services,,,Modern Niagara Ottawa Inc.,Ottawa,Ontario,Department of Public Works and Government Services (PSPC),Department of Public Works and Government Services (PSPC),2,yes,no,modern niagara ottawa,total_zero;framework_not_a_price,awardNoticeComplete-avisAttributionComplet.csv
1022287,24-58079,cb-906-16702292,U72 Biolab Ventilation and Vestibule Upgrade / U72 Fuselage Outdoor Upgrade,2024-08-12,2025-05-07,2025-05-07,2024-08-20,2025-02-28,001,,1210306.39,0.00,CAD,Expired,,Request for Proposal,Competitive - Open bidding,,,Canadian Free Trade Agreement (CFTA),Ottawa,72130000; 72151201,General building construction; HVAC mechanical construction service,,,Brawn Construction Ltd.,Ottawa,Ontatrio,National Research Council of Canada (NRC),,1,yes,no,brawn construction,,awardNoticeComplete-avisAttributionComplet.csv
1021114,24-58057,cb-736-474076,Uplands Campus Pedestrian Pathway,2024-07-31,2025-05-07,2025-05-07,2024-07-23,2025-02-04,001,,416843.44,0.00,CAD,Expired,,Request for Proposal,Competitive - Open bidding,Highest Combined Rating of Technical Merit and Price,,Canadian Free Trade Agreement (CFTA),Ottawa,30120000; 72141000; 72141001; 72141103; 72141105,Roads and landscape; Highway and road construction services; Highway and road new construction service; Highway and road paving service; Sidewalk construction and repair service,,,1457478 Ontario Inc. In-Depth Contracting,Ottawa,Ontario,National Research Council of Canada (NRC),,1,yes,no,1457478 ontario in depth contracting,,awardNoticeComplete-avisAttributionComplet.csv
1020859,24-58024-B,cb-352-49879123,U87 Electric Vehicle Charging Station,2024-07-29,2025-05-07,,2024-07-29,2025-03-28,000,,673005.40,0.00,CAD,Active,,Request for Proposal,Competitive - Open bidding,Highest Combined Rating of Technical Merit and Price,,Canadian Free Trade Agreement (CFTA),Ottawa,25175000,Electric vehicle charging systems,,,Black and McDonald Limited,Ottawa,Ontario,National Research Council of Canada (NRC),,0,yes,no,black mcdonald,,awardNoticeComplete-avisAttributionComplet.csv
1020354,24-58034,cb-966-2269794,M20 Room 211 Office Fit-Up,2024-07-10,2025-05-07,2025-05-07,2024-07-01,2024-09-15,001,,394209.54,0.00,CAD,Expired,,Request for Proposal,Competitive - Open bidding,Highest Combined Rating of Technical Merit and Price,,Canadian Free Trade Agreement (CFTA),Ottawa,72130000,General building construction,,,Cannonbye Construction Ltd.,Ottawa,Ontario,National Research Council of Canada (NRC),,1,yes,no,cannonbye construction,,awardNoticeComplete-avisAttributionComplet.csv
1019639,24-58025,cb-854-22822718,M24 Room 111 Renovations,2024-06-17,2025-05-07,2025-05-07,2024-06-06,2025-03-31,001,,392957.50,0.00,CAD,Expired,,Request for Proposal,Competitive - Open bidding,,,Canadian Free Trade Agreement (CFTA),Ottawa,72130000,General building construction,,,Brawn Construction Ltd.,Ottawa,Ontario,National Research Council of Canada (NRC),,1,yes,no,brawn construction,,awardNoticeComplete-avisAttributionComplet.csv
CW2267703,WS3819788409,CW2267703,EP938-231550 - Construction Management Services Contract - TC NCA,2024-05-13,2024-10-24,2026-09-09,2024-10-23,2027-08-23,006,Amendment,78214378.83,136344.05,CAD,Active,Contract,Invitation to Qualify,Competitive - Open bidding,Highest Combined Rating of Technical Merit and Price,None,Canadian Free Trade Agreement (CFTA); Canada-Peru Free Trade Agreement (CPFTA); Canada-Panama Free Trade Agreement; Canada-Ukraine Free Trade Agreement (CUFTA); Canada-Chile Free Trade Agreement (CCFTA); Canada-Honduras Free Trade Agreement; North American Free Trade Agreement (NAFTA); Canada-European Union Comprehensive Economic and Trade Agreement (CETA); Comprehensive and Progressive Agreement for Trans-Pacific Partnership (CPTPP); Canada-Colombia Free Trade Agreement; World Trade Organization Agreement on Government Procurement (WTO GPA); Canada-Korea Free Trade Agreement (CKFTA); Canada-UK Trade Continuity Agreement (Canada-UK TCA),National Capital Region (NCR),72000000; 72120000; 81101513,Building and Facility Construction and Maintenance Services; Nonresidential building construction services; Building construction management,,,EBC Inc.,Montréal,Quebec,Department of Public Works and Government Services (PSPC),Department of Public Works and Government Services (PSPC),6,yes,no,ebc,cm_contract_total_may_include_trades,awardNoticeComplete-avisAttributionComplet.csv
CW2355805,WS4128712580,CW2355805,Black and Macdonald-Supply Arrangement General Contractor and Specialty Trades Services 008,2024-03-25,2025-10-23,2026-08-31,2024-03-25,2027-08-31,002,Amendment,0.00,0.00,CAD,Active,Supply Arrangement,Request for Supply Arrangement,Competitive - Open bidding,Not applicable,None,Canada-Korea Free Trade Agreement (CKFTA); Comprehensive and Progressive Agreement for Trans-Pacific Partnership (CPTPP); Canada-Honduras Free Trade Agreement; Canadian Free Trade Agreement (CFTA); World Trade Organization Agreement on Government Procurement (WTO GPA); Canada-Chile Free Trade Agreement (CCFTA); Canada-Panama Free Trade Agreement; Canada-European Union Comprehensive Economic and Trade Agreement (CETA); Canada-UK Trade Continuity Agreement (Canada-UK TCA); Canada-Ukraine Free Trade Agreement (CUFTA); Canada-Peru Free Trade Agreement (CPFTA); Canada-Colombia Free Trade Agreement,National Capital Region (NCR),72000000; 72120000,Building and Facility Construction and Maintenance Services; Nonresidential building construction services,,,BLACK & MCDONALD LIMITED,Bowmanville,Ontario,Department of Public Works and Government Services (PSPC),Department of Public Works and Government Services (PSPC),2,yes,no,black mcdonald,total_zero;framework_not_a_price,awardNoticeComplete-avisAttributionComplet.csv
CW2463691,WS4128712580,CW2463691,Brawn Supply Arrangement General Contractor and Specialty Trades Services,2024-03-18,2026-08-11,2026-08-31,2024-03-18,2027-08-31,001,Amendment,0.00,,CAD,Active,Supply Arrangement,Request for Supply Arrangement,Competitive - Open bidding,Not applicable,,Canada-Honduras Free Trade Agreement; Canada-UK Trade Continuity Agreement (Canada-UK TCA); Canada-Peru Free Trade Agreement (CPFTA); Canada-Ukraine Free Trade Agreement (CUFTA); Canada-Panama Free Trade Agreement; Comprehensive and Progressive Agreement for Trans-Pacific Partnership (CPTPP); Canada-European Union Comprehensive Economic and Trade Agreement (CETA); Canada-Colombia Free Trade Agreement; Canada-Chile Free Trade Agreement (CCFTA); Canada-Korea Free Trade Agreement (CKFTA); Canadian Free Trade Agreement (CFTA); World Trade Organization Agreement on Government Procurement (WTO GPA),National Capital Region (NCR),30103616; 30103617; 30161700; 30171500; 30191500; 30191600; 31160000; 31162800; 46191602; 55121509; 72000000; 72120000; 72151201; 72151500; 81101513; 82151501,Composite framework; Wooden framework; Flooring; Doors; Ladders and scaffolding; Ladders and scaffolding accessories; Hardware; Miscellaneous hardware; Fire sprinkler systems; Scaffolding tag; Building and Facility Construction and Maintenance Services; Nonresidential building construction services; HVAC mechanical construction service; Electrical system services; Building construction management; Painters services,,,Brawn Construction Ltd,Ottawa,Ontario,Department of Public Works and Government Services (PSPC),Department of Public Works and Government Services (PSPC),1,yes,no,brawn construction,total_zero;framework_not_a_price,awardNoticeComplete-avisAttributionComplet.csv
CW2354694,WS4128712580,CW2354694,JP Gravel RFSA General Contractor and Specialty Trades Services,2024-03-18,2025-10-23,2026-08-31,2024-03-18,2027-08-31,001,Amendment,0.00,,CAD,Active,Supply Arrangement,Request for Supply Arrangement,Competitive - Open bidding,Not applicable,None,World Trade Organization Agreement on Government Procurement (WTO GPA); Canada-Korea Free Trade Agreement (CKFTA); Canadian Free Trade Agreement (CFTA); Canada-Panama Free Trade Agreement; Comprehensive and Progressive Agreement for Trans-Pacific Partnership (CPTPP); Canada-Chile Free Trade Agreement (CCFTA); Canada-European Union Comprehensive Economic and Trade Agreement (CETA); Canada-Peru Free Trade Agreement (CPFTA); Canada-Honduras Free Trade Agreement; Canada-Ukraine Free Trade Agreement (CUFTA); Canada-Colombia Free Trade Agreement; Canada-UK Trade Continuity Agreement (Canada-UK TCA),National Capital Region (NCR),72000000; 72120000,Building and Facility Construction and Maintenance Services; Nonresidential building construction services,,,JP Gravel Construction Inc.,Ottawa,Ontario,Department of Public Works and Government Services (PSPC),Department of Public Works and Government Services (PSPC),1,yes,no,jp gravel construction,total_zero;framework_not_a_price,awardNoticeComplete-avisAttributionComplet.csv
CW2351165,WS4128712580,CW2351165,Xpertek - Supply Arrangement General Contractor and Specialty Trades Services 007,2024-02-26,2025-10-23,,2024-02-26,2026-08-31,000,,0.00,0.00,CAD,Expired,Supply Arrangement,Request for Supply Arrangement,Competitive - Open bidding,Not applicable,None,Canadian Free Trade Agreement (CFTA); Canada-UK Trade Continuity Agreement (Canada-UK TCA); Canada-Colombia Free Trade Agreement; Canada-Peru Free Trade Agreement (CPFTA); Canada-European Union Comprehensive Economic and Trade Agreement (CETA); Canada-Panama Free Trade Agreement; Canada-Ukraine Free Trade Agreement (CUFTA); Canada-Honduras Free Trade Agreement; Canada-Chile Free Trade Agreement (CCFTA); Comprehensive and Progressive Agreement for Trans-Pacific Partnership (CPTPP); Canada-Korea Free Trade Agreement (CKFTA); World Trade Organization Agreement on Government Procurement (WTO GPA),National Capital Region (NCR),72000000; 72120000,Building and Facility Construction and Maintenance Services; Nonresidential building construction services,,,Xpertek Construction,Vars,Ontario,Department of Public Works and Government Services (PSPC),Department of Public Works and Government Services (PSPC),0,yes,no,xpertek construction,total_zero;framework_not_a_price,awardNoticeComplete-avisAttributionComplet.csv
1015694,23-58178,cb-921-44395871,M9 Air Handling Unit Retrofit,2024-02-26,2024-02-27,2024-06-25,2024-01-16,2024-06-25,001,,211875.00,0.00,CAD,Expired,,Request for Proposal,Competitive - Open bidding,Lowest Price,,Canadian Free Trade Agreement (CFTA),Ottawa,72121100; 72130000; 72151200,Commercial and office building construction services; General building construction; Heating and cooling and air conditioning HVAC construction and maintenance services,,,Black & McDonald Limited,Ottawa,Ontario,National Research Council Canada,,1,yes,no,black mcdonald,,awardNoticeComplete-avisAttributionComplet.csv
CRC202131026,CRC20231026,cb-406-62650998,CRC –Building 42 Bus Maintenance and MV Switch Gear Retrofit and Refurbishment,2024-01-30,2024-02-26,2024-03-31,2023-11-07,2024-03-31,001,,333621.20,333621.20,CAD,Expired,,Request for Proposal,Competitive - Open bidding,Highest Combined Rating of Technical Merit and Price,,Canada-Chile Free Trade Agreement (CCFTA),National Capital Region (NCR),39120000; 39122200; 39122300; 73152108,Electrical equipment and components and supplies; Electrical switches and accessories; Electrical relays and accessories; Electrical equipment maintenance and repair service,,,BRADLEY-KELLY CONSTRUCTION LTD.,Ottawa,Ontario,"CRC - Innovation, Science & Economic Development",,1,yes,no,bradley kelly construction,,awardNoticeComplete-avisAttributionComplet.csv
CW2347350,WS4414440130,CW2347350,McNolty Mechanical Supply Arrangement General Contractor and Specialty Trades Services 005,2024-01-29,2024-02-08,,2024-01-29,2026-08-31,000,,0.00,0.00,CAD,Expired,Supply Arrangement,Request for Supply Arrangement,Competitive - Selective tendering,Highest Combined Rating of Technical Merit and Price,None,World Trade Organization Agreement on Government Procurement (WTO GPA); Canada-Korea Free Trade Agreement (CKFTA); Comprehensive and Progressive Agreement for Trans-Pacific Partnership (CPTPP); Canada-Peru Free Trade Agreement (CPFTA); Canada-Honduras Free Trade Agreement; Canadian Free Trade Agreement (CFTA); Canada-Panama Free Trade Agreement; Canada-Ukraine Free Trade Agreement (CUFTA); Canada-Chile Free Trade Agreement (CCFTA); Canada-UK Trade Continuity Agreement (Canada-UK TCA); Canada-Colombia Free Trade Agreement; Canada-European Union Comprehensive Economic and Trade Agreement (CETA),National Capital Region (NCR),72000000; 72120000,Building and Facility Construction and Maintenance Services; Nonresidential building construction services,,,mcnolty mechanical,Ottawa,Ontario,Department of Public Works and Government Services (PSPC),Department of Public Works and Government Services (PSPC),0,yes,no,mcnolty mechanical,total_zero;framework_not_a_price,awardNoticeComplete-avisAttributionComplet.csv
01B46-23-162,01B46-23-162,cb-817-80408002,Invitation to tender 01B46-23-162 Building 136 Coller Retro-Fit Project – Central Experimental Farm,2024-01-22,2024-02-09,2024-03-08,2023-11-22,2024-03-08,001,,130515.00,0.00,CAD,Expired,,Request for Proposal,Competitive - Open bidding,Lowest Price,,Canadian Free Trade Agreement (CFTA),Ottawa,72100000,Building and facility maintenance and repair services,,,Mainville Heating & Air Conditioning Inc,Gatineau,Quebec,Agriculture and Agri-Food Canada,,1,yes,no,mainville heating air conditioning,,awardNoticeComplete-avisAttributionComplet.csv
01B46-23-207,01B46-23-207,cb-395-24412788,Roof Replacement - Building 74 - Central Experimental Farm Ottawa,2024-01-19,2024-04-25,2024-04-25,2024-01-15,2024-03-31,001,,145700.00,0.00,CAD,Expired,,Request for Proposal,Competitive - Open bidding,Lowest Price,,Canadian Free Trade Agreement (CFTA),Ottawa,72101601,Roofing installation or repair,,,Morin Isolation et Toitures Ltée,Ottawa,Ontario,Agriculture and Agri-Food Canada,,1,yes,no,morin isolation toitures,,awardNoticeComplete-avisAttributionComplet.csv
1014190,23-58167,cb-759-1578177,Flight Recorder and Playback Centre Renovation,2024-01-10,2024-02-27,2024-07-31,2023-12-20,2024-07-31,001,,1287974.00,0.00,CAD,Expired,,Request for Proposal,Competitive - Open bidding,Highest Combined Rating of Technical Merit and Price,,Canadian Free Trade Agreement (CFTA),Ottawa,72130000,General building construction,,,Jean Daoust Construction Inc.,Ottawa,Ontario,National Research Council Canada,,1,yes,no,jean daoust construction,,awardNoticeComplete-avisAttributionComplet.csv
4500463546,1000254965,cb-811-5324845,Perimeter Heating Replacement,2023-12-22,2023-12-22,2024-03-31,2023-12-18,2024-03-31,001,,492464.00,0.00,CAD,Expired,,Request for Proposal,Competitive - Open bidding,Lowest Price,,Canadian Free Trade Agreement (CFTA),National Capital Region (NCR),72102300; 72102302; 72151004,Plumbing and heating and air conditioning; Heating systems installation repair or maintenance; Hydronics heating system maintenance and repair service,,,PSL Mechanical Heating and Air conditioning inc,Ottawa,Ontario,Health Canada,,1,yes,no,psl mechanical heating air conditioning,,awardNoticeComplete-avisAttributionComplet.csv
CW2351815,WS3819788409,CW2351815,EP938-231593 - Construction Management Services Regulatory and Security Sciences,2023-12-20,2025-06-03,2026-08-24,2023-12-20,2032-08-20,004,Amendment,768607086.86,0.00,CAD,Active,Contract,Invitation to Qualify,Competitive - Open bidding,Highest Combined Rating of Technical Merit and Price,None,Canada-Chile Free Trade Agreement (CCFTA); World Trade Organization Agreement on Government Procurement (WTO GPA); North American Free Trade Agreement (NAFTA); Canada-Panama Free Trade Agreement; Canada-Colombia Free Trade Agreement; Canada-European Union Comprehensive Economic and Trade Agreement (CETA); Canada-Peru Free Trade Agreement (CPFTA); Canada-Ukraine Free Trade Agreement (CUFTA); Comprehensive and Progressive Agreement for Trans-Pacific Partnership (CPTPP); Canada-Korea Free Trade Agreement (CKFTA); Canada-UK Trade Continuity Agreement (Canada-UK TCA); Canada-Honduras Free Trade Agreement; Canadian Free Trade Agreement (CFTA),National Capital Region (NCR),72000000; 72120000; 81101513,Building and Facility Construction and Maintenance Services; Nonresidential building construction services; Building construction management,,,PCL Constructors Canada Inc.,Ottawa,Ontario,Department of Public Works and Government Services (PSPC),Department of Public Works and Government Services (PSPC),4,yes,no,pcl constructors canada,cm_contract_total_may_include_trades,awardNoticeComplete-avisAttributionComplet.csv
CW2341180,WS4128712580,CW2341180,Chandos Supply Arrangement General Contractor and Specialty Trades Services 004,2023-12-11,2023-12-12,2026-08-31,2023-09-01,2027-08-31,002,Amendment,0.00,0.00,CAD,Active,Supply Arrangement,Request for Supply Arrangement,Competitive - Open bidding,Not applicable,,Canada-Colombia Free Trade Agreement; Canada-Honduras Free Trade Agreement; Canada-Panama Free Trade Agreement; Canada-European Union Comprehensive Economic and Trade Agreement (CETA); Canada-UK Trade Continuity Agreement (Canada-UK TCA); Comprehensive and Progressive Agreement for Trans-Pacific Partnership (CPTPP); World Trade Organization Agreement on Government Procurement (WTO GPA); Canada-Ukraine Free Trade Agreement (CUFTA); Canada-Peru Free Trade Agreement (CPFTA); Canada-Korea Free Trade Agreement (CKFTA); Canada-Chile Free Trade Agreement (CCFTA); Canadian Free Trade Agreement (CFTA),National Capital Region (NCR),30103616; 30103617; 30161700; 30171500; 30191500; 30191600; 31160000; 31162800; 46191602; 55121509; 72000000; 72120000; 72151201; 72151500; 81101513; 82151501,Composite framework; Wooden framework; Flooring; Doors; Ladders and scaffolding; Ladders and scaffolding accessories; Hardware; Miscellaneous hardware; Fire sprinkler systems; Scaffolding tag; Building and Facility Construction and Maintenance Services; Nonresidential building construction services; HVAC mechanical construction service; Electrical system services; Building construction management; Painters services,,,CHANDOS CONSTRUCTION LP,Edmonton,Alberta,Department of Public Works and Government Services (PSPC),Department of Public Works and Government Services (PSPC),2,yes,no,chandos construction,total_zero;framework_not_a_price,awardNoticeComplete-avisAttributionComplet.csv
01B46-23-159,01B46-23-159,cb-373-9780039,Boiler Replacement - Central Experimental Farm - Ottawa,2023-11-27,2024-04-25,2024-04-25,2023-11-27,2024-01-12,000,,115264.53,0.00,CAD,Expired,,Request for Proposal,Competitive - Open bidding,Lowest Price,,Canadian Free Trade Agreement (CFTA),Ottawa,40102000; 72102301; 72151000; 72151001; 72151002; 72151005; 72151006,Boilers; Boiler installation or adjustment or maintenance or repair services; Boiler and furnace construction and maintenance services; Boiler maintenance service; Boiler installation and setup service; Boiler pressure controller installation; Boiler pressure controller maintenance or repair or operation,,,PSL Mechanical Heating and Air Conditioning Inc.,Ottawa,Ontario,Agriculture and Agri-Food Canada,,0,yes,no,psl mechanical heating air conditioning,,awardNoticeComplete-avisAttributionComplet.csv
1012511,23-58123,cb-666-27239527,"Montreal Road Campus, Excess Soil Removal",2023-11-15,2024-02-27,2024-02-27,2023-11-07,2023-12-15,001,,645128.53,0.00,CAD,Expired,,Request for Proposal,Competitive - Open bidding,Lowest Price,,Canadian Free Trade Agreement (CFTA),Ottawa,72141505,Earthmoving service,,,R.W. Tomlinson Ltd.,Nepean,Ontario,National Research Council Canada,,1,yes,no,rw tomlinson,,awardNoticeComplete-avisAttributionComplet.csv
CW2337328,WS4128712580,CW2337328,1663587 Ontario Inc.-Supply Arrangement General Contractor and Specialty Trades Services 001,2023-11-14,2023-12-11,2026-08-31,2023-11-14,2027-08-31,002,Amendment,0.00,0.00,CAD,Active,Supply Arrangement,Request for Supply Arrangement,Competitive - Open bidding,Not applicable,,Canada-Chile Free Trade Agreement (CCFTA); World Trade Organization Agreement on Government Procurement (WTO GPA); Canadian Free Trade Agreement (CFTA); Canada-Korea Free Trade Agreement (CKFTA); Canada-European Union Comprehensive Economic and Trade Agreement (CETA); Canada-Panama Free Trade Agreement; Canada-Honduras Free Trade Agreement; Canada-Colombia Free Trade Agreement; Canada-Ukraine Free Trade Agreement (CUFTA); Canada-UK Trade Continuity Agreement (Canada-UK TCA); Comprehensive and Progressive Agreement for Trans-Pacific Partnership (CPTPP); Canada-Peru Free Trade Agreement (CPFTA),National Capital Region (NCR),30103616; 30103617; 30161700; 30171500; 30191500; 30191600; 31160000; 31162800; 46191602; 55121509; 72000000; 72120000; 72151201; 72151500; 81101513; 82151501,Composite framework; Wooden framework; Flooring; Doors; Ladders and scaffolding; Ladders and scaffolding accessories; Hardware; Miscellaneous hardware; Fire sprinkler systems; Scaffolding tag; Building and Facility Construction and Maintenance Services; Nonresidential building construction services; HVAC mechanical construction service; Electrical system services; Building construction management; Painters services,,,1663587 Ontario Inc.,Navan,Ontario,Department of Public Works and Government Services (PSPC),Department of Public Works and Government Services (PSPC),2,yes,no,1663587 ontario,total_zero;framework_not_a_price,awardNoticeComplete-avisAttributionComplet.csv
CW2324875,WS4128712580,CW2324875,C and L Construction-Supply Arrangement General Contractor and Specialty Trades Services 002,2023-11-10,2025-02-03,2026-08-31,2023-11-10,2027-08-31,004,Amendment,0.00,0.00,CAD,Active,Supply Arrangement,Request for Supply Arrangement,Competitive - Open bidding,Not applicable,,Canada-Colombia Free Trade Agreement; Canada-UK Trade Continuity Agreement (Canada-UK TCA); Canada-Peru Free Trade Agreement (CPFTA); Canadian Free Trade Agreement (CFTA); Canada-Honduras Free Trade Agreement; World Trade Organization Agreement on Government Procurement (WTO GPA); Comprehensive and Progressive Agreement for Trans-Pacific Partnership (CPTPP); Canada-Korea Free Trade Agreement (CKFTA); Canada-Chile Free Trade Agreement (CCFTA); Canada-Panama Free Trade Agreement; Canada-Ukraine Free Trade Agreement (CUFTA); Canada-European Union Comprehensive Economic and Trade Agreement (CETA),National Capital Region (NCR),30103616; 30103617; 30161700; 30171500; 30191500; 30191600; 31160000; 31162800; 46191602; 55121509; 72000000; 72120000; 72151201; 72151500; 81101513; 82151501,Composite framework; Wooden framework; Flooring; Doors; Ladders and scaffolding; Ladders and scaffolding accessories; Hardware; Miscellaneous hardware; Fire sprinkler systems; Scaffolding tag; Building and Facility Construction and Maintenance Services; Nonresidential building construction services; HVAC mechanical construction service; Electrical system services; Building construction management; Painters services,,,C & L Construction Ottawa Ltd,Ottawa,Ontario,Department of Public Works and Government Services (PSPC),Department of Public Works and Government Services (PSPC),4,yes,no,cl construction ottawa,total_zero;framework_not_a_price,awardNoticeComplete-avisAttributionComplet.csv
7268281,202400144,cb-511-11127469,Construction of Training Compounds,2023-11-07,2023-12-21,2024-03-31,2023-11-07,2024-03-31,001,,704073.76,0.00,CAD,Expired,,Request for Proposal,Competitive - Open bidding,Variations or combinations of the above methods,,Canadian Free Trade Agreement (CFTA),National Capital Region (NCR),72120000,Nonresidential building construction services,,,Greenspace Construction Inc.,Toronto,Ontario,RCMP,,1,yes,no,greenspace construction,,awardNoticeComplete-avisAttributionComplet.csv
01B46-23-105,01B46-23-105,cb-725-84994801,"Building 22, Room 127 Walk-in Cooler Renovations - Central Experimental Farm Ottawa",2023-11-01,2023-11-03,2024-01-31,2023-11-01,2024-01-31,001,,198860.00,0.00,CAD,Expired,,Request for Proposal,Competitive - Open bidding,Lowest Price,,Canadian Free Trade Agreement (CFTA),Ottawa,72102801,Renovation of buildings or landmarks or monuments,,,Jumec Construction Inc.,Ottawa,Ontario,Agriculture and Agri-Food Canada,,1,yes,no,jumec construction,,awardNoticeComplete-avisAttributionComplet.csv
PO-018168,MA076,cb-569-86393887,P15 and P17 Parking Lot Improvements,2023-10-26,2023-10-27,2023-12-31,2023-10-23,2023-12-31,001,,375721.06,0.00,CAD,Expired,,Request for Proposal,Competitive - Open bidding,Lowest Price,,Canadian Free Trade Agreement (CFTA),Gatineau,22101525; 72141102; 72141106; 72153700; 72153702,Wheel excavators; Land grading service; Gravel or dirt road construction service; Parking facility construction and equipment installation and maintenance and repair services; Parking lot maintenance,,,Eurovia Quebec Construction Inc.,Wakefield,Quebec,National Capital Commission,,1,yes,yes,eurovia quebec construction,,awardNoticeComplete-avisAttributionComplet.csv
1011846,23-58112,cb-916-46812945,Cogen Fire and Gas Control Panel Upgrade,2023-10-26,2024-02-27,2024-05-31,2023-10-03,2024-05-31,001,,389772.03,0.00,CAD,Expired,,Advance Contract Award Notice,Advance contract award notice,Not applicable,,Canada-Peru Free Trade Agreement (CPFTA); Comprehensive and Progressive Agreement for Trans-Pacific Partnership (CPTPP); World Trade Organization Agreement on Government Procurement (WTO GPA); Canada-European Union Comprehensive Economic and Trade Agreement (CETA); Canada-Panama Free Trade Agreement; Canada-Honduras Free Trade Agreement; Canada-Korea Free Trade Agreement (CKFTA); Canadian Free Trade Agreement (CFTA),National Capital Region (NCR); Ottawa,72100000; 72130000; 72150000,Building and facility maintenance and repair services; General building construction; Specialized trade construction and maintenance services,,,Siemens Energy Canada Limited,Oakville,Ontario,National Research Council Canada,,1,advance-notice,no,siemens energy canada,,awardNoticeComplete-avisAttributionComplet.csv
CW2321025,WS4084033880,CW2321025,Office area refit,2023-10-20,2023-11-14,2026-09-01,2023-10-20,2025-04-03,012,Amendment,2447330.11,47810.15,CAD,Active,Contract,Request for Proposal,Competitive - Open bidding,Lowest Price,None,Canadian Free Trade Agreement (CFTA),National Capital Region (NCR),72120000,Nonresidential building construction services,,,168012 Canada Inc.,Ottawa,Quebec,Department of Public Works and Government Services (PSPC),Department of Public Works and Government Services (PSPC),12,yes,no,168012 canada,,awardNoticeComplete-avisAttributionComplet.csv
7267452,202303934,cb-216-90142908,Construction of a Modular Building,2023-10-05,2023-10-16,2024-07-31,2023-10-05,2024-07-31,001,,1498000.00,0.00,CAD,Expired,,Request for Proposal,Competitive - Open bidding,Lowest Price,,Canadian Free Trade Agreement (CFTA),National Capital Region (NCR),72120000,Nonresidential building construction services,,,AMB Tresec Inc. (AMB Modulaire),Laval,Quebec,Royal Canadian Mounted Police,,1,yes,no,amb tresec amb modulaire,,awardNoticeComplete-avisAttributionComplet.csv
01B46-23-102,01B46-23-102,cb-9383-67327284,Building 118 exterior re-painting - Central Experimental Farm,2023-09-21,2023-09-22,,2023-09-18,2023-11-15,000,,83959.00,0.00,CAD,Active,,Request for Proposal,Competitive - Open bidding,Lowest Price,,Canadian Free Trade Agreement (CFTA),Ottawa,72100000,Building and facility maintenance and repair services,,,Maddison Construction Limited,Ottawa,Ontario,Agriculture and Agri-Food Canada,,0,yes,no,maddison construction,,awardNoticeComplete-avisAttributionComplet.csv
1009479,23-58058,cb-252-65787207,M-55 South Podium Deck Membrane and Interlock Repair,2023-08-24,2024-02-27,2024-02-27,2023-08-09,2023-10-18,001,,98310.00,0.00,CAD,Expired,,Request for Proposal,Competitive - Open bidding,Lowest Price,,Canadian Free Trade Agreement (CFTA),National Capital Region (NCR); Ottawa,72121100; 72130000,Commercial and office building construction services; General building construction,,,Dumoulin & Associates Ltd.,Ottawa,Ontario,Collin Long,,1,yes,no,dumoulin associates,,awardNoticeComplete-avisAttributionComplet.csv
1009377,23-58051,cb-286-92367921,"S77 Room B12 PD5, PD2 and PD6 Electrical Panel Replacement",2023-08-22,2024-02-27,2024-07-09,2023-08-08,2024-07-09,001,,119215.00,0.00,CAD,Expired,,Request for Proposal,Competitive - Open bidding,Lowest Price,,Canadian Free Trade Agreement (CFTA),National Capital Region (NCR); Ottawa,72130000; 72151502,General building construction; Electric power system construction service,,,Broder Electric Ltd.,Ottawa,Ontario,National Research Council Canada,,1,yes,no,broder electric,,awardNoticeComplete-avisAttributionComplet.csv
1008525,23-58030,cb-221-17312658,S77 Roof Replacement,2023-08-01,2024-02-27,2024-02-27,2023-08-01,2023-09-26,001,,755631.00,0.00,CAD,Expired,,Request for Proposal,Competitive - Open bidding,Highest Combined Rating of Technical Merit and Price,,Canadian Free Trade Agreement (CFTA),National Capital Region (NCR),72121100,Commercial and office building construction services,,,Morin Insulation & Roofing Ltd.,Ottawa,Ontario,National Research Council Canada,,1,yes,no,morin insulation roofing,,awardNoticeComplete-avisAttributionComplet.csv
PO-017586,PL008,cb-8076-32187920,Deck Replacement for Pedestrian Bridges at Lac-Leamy,2023-07-18,2023-08-11,,2023-07-04,2023-10-27,000,,385076.87,0.00,CAD,Active,,Request for Proposal,Competitive - Open bidding,Lowest Price,,None,National Capital Region (NCR),72141107,Bridge construction and repair service,,,111008 CANADA INC O/A ODS MARINE (OTTAWA DIVING SERVICES),Greely,Ontario,National Capital Commission,,0,yes,yes,111008 canada oa ods marine ottawa diving services,,awardNoticeComplete-avisAttributionComplet.csv
PO-017523,AL1843A,cb-7254-68251577,"CONSTRUCTION MANAGEMENT SERVICES - 80 ELGIN ST., WORKPLACE MODERNIZATION",2023-07-10,2023-07-14,2025-09-30,2023-07-10,2025-09-30,001,,7910000.00,0.00,CAD,Expired,,Invitation to Qualify,Competitive - Open bidding,Lowest Cost-per-Point,,Canada-Peru Free Trade Agreement (CPFTA); Canada-Panama Free Trade Agreement; Canada-Colombia Free Trade Agreement; Canada-Chile Free Trade Agreement (CCFTA); World Trade Organization Agreement on Government Procurement (WTO GPA); Canada-European Union Comprehensive Economic and Trade Agreement (CETA); Canada-Honduras Free Trade Agreement; Canadian Free Trade Agreement (CFTA); Canada-Korea Free Trade Agreement (CKFTA),National Capital Region (NCR),81101513,Building construction management,,,MP Lundy Construction Inc.,Ottawa,ON,NCC,,1,yes,no,mp lundy construction,cm_contract_total_may_include_trades,awardNoticeComplete-avisAttributionComplet.csv
PO-017504,NR215,cb-7137-84240869,Victoria Island Site Remediation Project Phase 3a,2023-07-06,2023-07-11,,2023-05-01,2023-10-31,000,,3349543.06,0.00,CAD,Active,,Request for Proposal,Competitive - Open bidding,Variations or combinations of the above methods,,Canadian Free Trade Agreement (CFTA),Ottawa,11110000; 22101500; 72120000; 72141128; 72141129; 72141505,Earth and stone; Earth moving machinery; Nonresidential building construction services; Public square construction and or remodelling service; Park and garden construction and or remodelling service; Earthmoving service,,,ROSHO Demolition JV,Cornwall,Ontario,National Capital Commission,,0,yes,yes,rosho demolition jv,,awardNoticeComplete-avisAttributionComplet.csv
1006260,22-58157,cb-6012-90401646,U-88 Fall Arrest,2023-05-31,2023-05-31,2023-07-26,2023-05-31,2023-07-26,001,,236380.00,0.00,CAD,Expired,,Request for Proposal,Competitive - Open bidding,Lowest Price,,Canadian Free Trade Agreement (CFTA),National Capital Region (NCR),72120000; 72121100,Nonresidential building construction services; Commercial and office building construction services,,,Serge Zimola Construction Inc.,Ottawa,Ontario,National Research Council Canada,,1,yes,no,serge zimola construction,,awardNoticeComplete-avisAttributionComplet.csv
1006206,22-58159,cb-211-76171752,U66 Boiler Replacement,2023-05-30,2024-02-27,2024-02-27,2023-05-31,2023-11-30,001,,1849103.75,0.00,CAD,Expired,,Request for Proposal,Competitive - Open bidding,Highest Combined Rating of Technical Merit and Price,,Canadian Free Trade Agreement (CFTA),National Capital Region (NCR),72100000,Building and facility maintenance and repair services,,,Modern Niagara Ottawa Inc.,Kanata,Ontario,National Research Council Canada,,1,yes,no,modern niagara ottawa,,awardNoticeComplete-avisAttributionComplet.csv
7263398,202302129,cb-236-76738340,Construction: TPOF Secure Storage Compound,2023-03-06,2023-10-16,2023-10-16,2023-03-06,2023-09-30,000,,1189225.00,0.00,CAD,Expired,,Request for Proposal,Competitive - Open bidding,Lowest Price,,Canadian Free Trade Agreement (CFTA),National Capital Region (NCR),72130000,General building construction,,,The FiA Group,Gatineau,Quebec,Royal Canadian Mounted Police,,0,yes,no,the fia group,,awardNoticeComplete-avisAttributionComplet.csv
CW2269063,WS3615573846,CW2269063,SFB AHU Replacement,2023-01-19,2023-02-02,2026-07-29,2023-01-19,2099-12-31,031,Amendment,9976910.67,22305.71,CAD,Active,Contract,Request for Proposal,Competitive - Open bidding,Lowest Price,None,Canadian Free Trade Agreement (CFTA),National Capital Region (NCR),81101513,Building construction management,,,Alliance Engineering & Construction,Ottawa,Ontario,Department of Public Works and Government Services (PSPC),Department of Public Works and Government Services (PSPC),31,yes,no,alliance engineering construction,,awardNoticeComplete-avisAttributionComplet.csv
CW2463686,WS4128712580,CW2463686,JP Gravel Supply Arrangement General Contractor and Specialty Trades Services,2023-01-09,2026-08-11,2026-08-31,2023-09-01,2027-08-31,001,Amendment,0.00,0.00,CAD,Active,Contract against SA,Request for Supply Arrangement,Competitive - Open bidding,Not applicable,,Canada-UK Trade Continuity Agreement (Canada-UK TCA); Canada-Honduras Free Trade Agreement; Canada-Peru Free Trade Agreement (CPFTA); Canada-Colombia Free Trade Agreement; Canada-Chile Free Trade Agreement (CCFTA); Canada-Panama Free Trade Agreement; Canada-Ukraine Free Trade Agreement (CUFTA); Canada-European Union Comprehensive Economic and Trade Agreement (CETA); Canada-Korea Free Trade Agreement (CKFTA); Canadian Free Trade Agreement (CFTA); Comprehensive and Progressive Agreement for Trans-Pacific Partnership (CPTPP); World Trade Organization Agreement on Government Procurement (WTO GPA),National Capital Region (NCR),30103616; 30103617; 30161700; 30171500; 30191500; 30191600; 31160000; 31162800; 46191602; 55121509; 72000000; 72120000; 72151201; 72151500; 81101513; 82151501,Composite framework; Wooden framework; Flooring; Doors; Ladders and scaffolding; Ladders and scaffolding accessories; Hardware; Miscellaneous hardware; Fire sprinkler systems; Scaffolding tag; Building and Facility Construction and Maintenance Services; Nonresidential building construction services; HVAC mechanical construction service; Electrical system services; Building construction management; Painters services,,,JP Gravel Construction Inc.,Ottawa,Ontario,Department of Public Works and Government Services (PSPC),Department of Public Works and Government Services (PSPC),1,yes,no,jp gravel construction,total_zero;framework_not_a_price,awardNoticeComplete-avisAttributionComplet.csv
7259926,202206291,cb-366-43751899,Construction: TPOF Walkway/Pathway to Upper Terrace,2022-09-16,2023-10-16,2023-10-16,2022-09-16,2023-03-31,000,,368600.00,0.00,CAD,Expired,,Request for Proposal,Competitive - Open bidding,Lowest Price,,Canadian Free Trade Agreement (CFTA),National Capital Region (NCR),72121100,Commercial and office building construction services,,,Prestige Design and Construction (Ottawa) Ltd.,Ottawa,ON,Royal Canadian Mounted Police,,0,yes,no,prestige design construction ottawa,,awardNoticeComplete-avisAttributionComplet.csv
